query,matched_name,matched_status,query_match_taxon_agree,dist,use_query_as_synonym,use_query_as_accepted,use_query_as_new,taxonomicStatus,namePublishedIn,nameAccordingTo,taxonRemarks,notes
Adenophorus haaliloanus (Brack.) K.A.Wilson,Adenophorus haalilioanus (Brack.) K. A. Wilson,accepted,FALSE,3,1,0,0,synonym,NA,NCBI,spelling mistake in species name; fix according to Tropicos,ok
Adiantopsis tweediana (Hook.) Link-Perez & Hickey,Adiantopsis tweedieana (Hook.) Link-Pérez & Hickey,accepted,FALSE,2,0,0,0,NA,NA,NCBI,NA,query and matched_name both need to be fixed. add from new_names.csv
Adiantum comorense (Tardieu) Verdc.,Adiantum comoroense (Tardieu) Verdc.,accepted,FALSE,1,0,1,0,accepted,Kew Bull. 46(2): 272,NCBI,spelling mistake in species name; fix according to Tropicos,ok
Adiantum digitatum Hook.,Adiantum emarginatum Hook.,ambiguous synonym,FALSE,5,0,0,1,accepted,Species Filicum 2: 38. 1858.,https://www.tropicos.org/name/26600368,,"change Adiantum digitatum C. Presl, Adiantum palmatum T. Moore, Adiantum speciosum Hook in WF to synonym"
Alsophila micra R.M.Tryon,Alsophila celsa R. M. Tryon,accepted,FALSE,6,0,0,1,accepted,Contr. Gray Herb. 200: 35 (1970).,NCBI,spelling mistake in species name; fix according to POWO,add Cyathea parva Copel. as synonym of Alsophila micra  https://powo.science.kew.org/taxon/urn:lsid:ipni.org:names:17382900-1
Alsophila weidenbrueckiae Lehnert,Alsophila weidenbrueckii Lehnert,accepted,FALSE,2,1,0,0,synonym,NA,NCBI,spelling mistake in species name,ok
Anemia muenchii Christ,Anemia munchii Christ,accepted,FALSE,1,1,0,0,synonym,NA,NCBI,spelling mistake in species name,ok
Anemia phyllitidis var. tweedieana Hassl.,Anemia phyllitidis var. tweediana (Hook.) Hassl.,accepted,FALSE,9,0,1,0,accepted,Trab. Inst. Bot. Farmacol. 45: 85,https://www.tropicos.org/name/50244424,spelling mistake in species name,ok
Arachniodes coadnata (Ching) Nakaike,Arachniodes coadunata (Ching) Nakaike,synonym,FALSE,1,1,0,0,synonym,NA,https://www.tropicos.org/name/100393753,spelling mistake in species name,ok
Arachniodes davalliiformis (H.Christ) Nakaike,Arachniodes davalliaeformis (Christ) Nakaike,accepted,FALSE,4,1,0,0,synonym,NA,https://powo.science.kew.org/taxon/urn:lsid:ipni.org:names:17560080-1,spelling mistake in species name,ok
Arachniodes dimorphophylla (Hayata) Ching,Arachniodes dimorphophyllum (Hayata) Ching,synonym,FALSE,2,1,0,0,synonym,NA,https://www.tropicos.org/name/26609186,spelling mistake in species name,ok
Arachniodes oohorae H.Ito,Arachniodes oosorae H. Itô,accepted,FALSE,3,0,1,0,accepted,J. Jap. Bot. 66: 191 (1991),https://powo.science.kew.org/taxon/urn:lsid:ipni.org:names:17542330-1,spelling mistake in species name,ok
Asplenium actinopteroides Peter,Asplenium actiniopteroides Peter,accepted,FALSE,1,1,0,0,synonym,NA,https://www.tropicos.org/name/26625443,spelling mistake in species name,ok
Asplenium annobonense Viane,Asplenium morogorense Viane,synonym,FALSE,5,0,0,1,accepted,Biologisch Jaarboek 59: 158. 1991. (25 June 1991),https://www.tropicos.org/name/100386029,,ok
Asplenium carnarvonense Brownsey,Asplenium carnavonense Brownsey,accepted,FALSE,1,0,1,0,accepted,Flora of Australia 48: 709. 1998.,https://www.tropicos.org/name/100503474,spelling mistake in species name,ok
Asplenium fissum Kit. ex Willd.,Asplenium obtusum Kit. ex Willd.,ambiguous synonym,FALSE,4,0,0,1,accepted,Species Plantarum. Editio quarta 5: 348. 1805.,https://www.tropicos.org/name/26611120,,ok
Asplenium foresiense Legrand,Asplenium forisiense Grand,synonym,FALSE,4,0,1,0,accepted,Statistique du Forez 252. 1873.,https://www.tropicos.org/name/26609727,spelling mistake in species name,ok
Asplenium neolaserpitiifolium Tardieu & Ching,Asplenium neolaserpitifolium Tardieu & Ching,accepted,FALSE,1,0,1,0,accepted,"Notulae Systematicae. Herbier du Museum de Paris 5(2): 153–154, pl. 6, f. 1–2. 1936.",https://www.tropicos.org/name/26618269,spelling mistake in species name,ok
Asplenium oldhami Hance,Asplenium oldhamii Hance,accepted,FALSE,1,0,1,0,accepted,"Annales des Sciences Naturelles; Botanique, sér. 5, 5: 256–257. 1866.",https://www.tropicos.org/name/50051285,spelling mistake in species name,ok
Asplenium pseudoerectum Hieron.,Asplenium pseuderectum Hieron.,accepted,FALSE,1,0,1,0,accepted,Hedwigia 60: 239. 1918.,https://www.tropicos.org/name/26607628,"Published as ""pseuderectum"", assumed typographical error, correctly spelled pseudoerectum on page 241, and correctable ICBN 61.3. Pre-print published 1918, journal article in 1919.",ok
Asplenium scleropium Homb. & Jacq.,Asplenium scleroprium Hombr. & Jacq.,accepted,FALSE,2,1,0,0,synonym,"Voyage au Pôle sud et dans l'Océanie sur les corvettes l'Astrolabe et la Zelée , t1, f D. 1853.",https://www.tropicos.org/name/100485709,spelling mistake in species name,ok
Asplenium trichomanes subsp. inexpectans Lovis,Asplenium trichomanes subsp. inexpectatum Lovis,accepted,FALSE,3,0,1,0,accepted,British Fern Gazette 9(5): 155. 1964.,https://www.tropicos.org/name/26610417,spelling mistake in species name,ok
Asplenium vittaeforme Cav.,Asplenium vittiforme Cav.,accepted,FALSE,2,0,1,0,accepted,Descripción de las Plantas 255. 1802.,https://www.tropicos.org/name/100484642,spelling mistake in species name,ok
Athyrium bourgaei E. Fourn.,Athyrium bourgeaui E. Fourn.,accepted,FALSE,2,0,1,0,accepted,Mexicanas Plantas 1: 102. 1872.,https://www.tropicos.org/name/26617249,spelling mistake in species name,ok
Athyrium iseanum var. iseanum,Athyrium iseanum Rosenst.,accepted,FALSE,10,1,0,0,synonym,NA,https://www.tropicos.org/name/26611386,autonym,ok
Athyrium myriomerum Christ,Athyrium myriopterum Christ,synonym,FALSE,2,0,0,0,NA,NA,NCBI,spelling mistake in species name,"Add Diplazium myriomerum (Christ) Lellinger as accepted name, make both query and match synonyms of that"
Cephalomanes javanicum (Blume) Bosch,Cephalomanes javanica (Blume) Bosch,synonym,FALSE,2,0,0,0,NA,NA,NCBI,spelling mistake in species name,NA
Ceratopteris pteridoides (Hook.) Hieron.,Ceratopteris pteridioides (Hook.) Hieron.,accepted,FALSE,1,0,0,0,NA,NA,NCBI,spelling mistake in species name,NA
Cornopteris banahaoensis (C.Chr.) K.Iwats. & M.G.Price,Cornopteris banajaoensis (C. Chr.) K. Iwats. & M. G. Price,accepted,FALSE,5,0,0,0,NA,NA,NCBI,spelling mistake in species name,NA
Crepidomanes schmidtianum var. latifrons (Bosch) K.Iwats.,Crepidomanes schmidianum var. latifrons (Bosch) K. Iwats.,accepted,FALSE,2,0,0,0,NA,NA,NCBI,spelling mistake in species name,NA
Cyclosorus marquesicus (Holttum) Lorence & A.R.Sm.,Cyclosorus marquesicum (Holttum) Lorence & A. R. Sm.,synonym,FALSE,3,0,0,0,NA,NA,NCBI,spelling mistake in species name,NA
Davallodes gymnocarpa Copel.,Davallodes gymnocarpum Copel.,synonym,FALSE,2,0,0,0,NA,NA,NCBI,spelling mistake in species name,NA
Davallodes hirsuta (J.Sm.) Copel.,Davallodes hirsutum (J. Sm.) Copel.,synonym,FALSE,3,0,0,0,NA,NA,NCBI,spelling mistake in species name,NA
Deparia polyrhizon (Baker) Sledge,Deparia polyrhiza (Baker) Sledge,synonym,FALSE,2,0,0,0,NA,NA,NCBI,spelling mistake in species name,NA
Dicksonia berteroana (Colla) Hook.,Dicksonia berteriana (Colla) Hook.,accepted,FALSE,1,0,0,0,NA,NA,NCBI,spelling mistake in species name,NA
Dicksonia fibrosia Col.,Dicksonia fibrosa Colenso,accepted,FALSE,5,0,0,0,NA,NA,NCBI,spelling mistake in species name,NA
Dicksonia lanata Col.,Dicksonia glabrata Ces.,synonym,FALSE,5,0,0,0,NA,NA,NCBI,spelling mistake in species name,NA
Dicksonia perriei Noben & Lehnert,Dicksonia perrieri Noben & Lehnert,accepted,FALSE,1,0,0,0,NA,NA,NCBI,spelling mistake in species name,NA
Didymoglossum krausii (Hook. & Grev.) C.Presl,Didymoglossum kraussii (Hook. & Grev.) C. Presl,accepted,FALSE,2,0,0,0,NA,NA,NCBI,spelling mistake in species name,NA
Diplazium okudairai Makino,Diplazium okudairae Makino,accepted,FALSE,1,0,0,0,NA,NA,NCBI,spelling mistake in species name,NA
Diplazium petrii Tardieu,Diplazium petelotii Tardieu,synonym,FALSE,4,0,0,0,NA,NA,NCBI,spelling mistake in species name,NA
Diplazium pinnatifido-pinnatum (Hook.) T.Moore,Diplazium pinnatifidopinnatum (Hook.) Moore,accepted,FALSE,3,0,0,0,NA,NA,NCBI,spelling mistake in species name,NA
Doodia lyoni O.Deg.,Doodia lyonii O. Deg.,accepted,FALSE,2,0,0,0,NA,NA,NCBI,spelling mistake in species name,NA
Dryopteris chichisimensis Nakai ex H.Ito,Dryopteris chichishimensis Nakai ex H. Itô,synonym,FALSE,3,0,0,0,NA,NA,NCBI,spelling mistake in species name,NA
Dryopteris insularis var. chichisimensis (Nakai ex H.Ito) H.Ito,Dryopteris insularis var. chichishimensis (Nakai ex Itô) Itô,accepted,FALSE,7,0,0,0,NA,NA,NCBI,spelling mistake in species name,NA
Dryopteris saxifragivaria Nakai,Dryopteris ×  saxifragi-varia Nakai,accepted,FALSE,4,0,0,0,NA,NA,NCBI,spelling mistake in species name,NA
Dryopteris sublacera H.Christ,Dryopteris subramosa Christ,synonym,FALSE,6,0,0,0,NA,NA,NCBI,spelling mistake in species name,NA
Dryopteris transmorrisonensis (Hayata) Hayata,Dryopteris morrisonensis (Hayata) Hayata,synonym,FALSE,5,0,0,0,NA,NA,NCBI,spelling mistake in species name,NA
Elaphoglossum backhousianum T.Moore,Elaphoglossum backhouseanum T. Moore,accepted,FALSE,2,0,0,0,NA,NA,NCBI,spelling mistake in species name,NA
Elaphoglossum dendricola (Baker) Christ,Elaphoglossum dendricolum (Baker) Christ,accepted,FALSE,2,0,0,0,NA,NA,NCBI,spelling mistake in species name,NA
Elaphoglossum herminieri (Bory & Fee) T.Moore,Elaphoglossum lherminieri (Bory ex Fée) T. Moore,accepted,FALSE,5,0,0,0,NA,NA,NCBI,spelling mistake in species name,NA
Elaphoglossum ovalilimbatum Bonap.,Elaphoglossum ovatilimbatum Bonap.,accepted,FALSE,1,0,0,0,NA,NA,NCBI,spelling mistake in species name,NA
Gaga kauflussii (Kunze) F.W.Li & Windham,Gaga kaulfussii (Kunze) Fay W. Li & Windham,accepted,FALSE,5,0,0,0,NA,NA,NCBI,spelling mistake in species name,NA
Goniophlebium mehibitense (C.Chr.) Parris,Goniophlebium mehipitense (C. Chr.) Parris,accepted,FALSE,2,0,0,0,NA,NA,NCBI,spelling mistake in species name,NA
Humata anderssonii (Mett.) C.Chr.,Humata andersonii (Mett.) C. Chr.,synonym,FALSE,2,0,0,0,NA,NA,NCBI,spelling mistake in species name,NA
Humata tyermanii T.Moore,Humata tyermannii T. Moore,synonym,FALSE,2,0,0,0,NA,NA,NCBI,spelling mistake in species name,NA
Hymenophyllum acanthoides Bosch,Hymenophyllum adiantoides Bosch,accepted,FALSE,3,0,0,0,NA,NA,NCBI,spelling mistake in species name,NA
Hymenophyllum caespitosa Gaudich.,Hymenophyllum caespitosum Gaudich.,accepted,FALSE,2,0,0,0,NA,NA,NCBI,spelling mistake in species name,NA
Hymenophyllum riukiuense H.Christ,Hymenophyllum liukiuense Christ,synonym,FALSE,3,0,0,0,NA,NA,NCBI,spelling mistake in species name,NA
Lellingeria mitchellae (Baker ex Hemsl.) A.R.Sm. & R.C.Morancies,Lellingeria mitchelliae (Baker ex Hemsl.) A. R. Sm. & R. C. Moran,synonym,FALSE,9,0,0,0,NA,NA,NCBI,spelling mistake in species name,NA
Lellingeria pseudomitchelliae (Lellinger) A.R.Sm. & R.C.Moran,Lellingeria pseudomitchellae (Lellinger) A. R. Sm. & R. C. Moran,synonym,FALSE,5,0,0,0,NA,NA,NCBI,spelling mistake in species name,NA
Lepisorus hsiaowutaiensis Ching & S.K.Wu,Lepisorus hsiawutaiensis Ching & S. K. Wu,synonym,FALSE,3,0,0,0,NA,NA,NCBI,spelling mistake in species name,NA
Lepisorus xiphiopteris (Baker) W.M.Chu ex Y.X.Lin,Lepisorus xiphopteris (Baker) W. M. Chu ex Y. X. Lin,synonym,FALSE,5,0,0,0,NA,NA,NCBI,spelling mistake in species name,NA
Lindsaea blanda Kuhn,Lindsaea repanda Kunze,accepted,FALSE,6,0,0,0,NA,NA,NCBI,spelling mistake in species name,NA
Lindsaea millefolia K.U.Kramer,Lindsaea millefolium K. U. Kramer,synonym,FALSE,4,0,0,0,NA,NA,NCBI,spelling mistake in species name,NA
Lygodium circinatum (Burm.f.) Sw.,Lygodium circinnatum (Burm. fil.) Sw.,accepted,FALSE,4,0,0,0,NA,NA,NCBI,spelling mistake in species name,NA
"Mankyua chejuensis B.Y.Sun, M.H.Kim & C.H.Kim","Mankyua chejuense B. Y. Sun, M. H. Kim & C. H. Kim",accepted,FALSE,8,0,0,0,NA,NA,NCBI,spelling mistake in species name,NA
Microgramma vacciniifolia (Langsd. & Fisch.) Copel.,Microgramma vaccinifolia (Langsd. & Fisch.) Copel.,accepted,FALSE,1,0,0,0,NA,NA,NCBI,spelling mistake in species name,NA
Myriopteris lendigera (Cav.) Fee,Myriopteris lentigera (Cav.) Fée,synonym,FALSE,2,0,0,0,NA,NA,NCBI,spelling mistake in species name,NA
Ophioderma redactophyllum Chantanaorr. & Li Bing Zhang,Ophioderma redactophylla Chantanaorr. & Li Bing Zhang,accepted,FALSE,2,0,0,0,NA,NA,NCBI,spelling mistake in species name,NA
Oreopteris quelpaertensis (H.Christ) Holub,Oreopteris quelpartensis (Christ) Holub,accepted,FALSE,3,0,0,0,NA,NA,NCBI,spelling mistake in species name,NA
Paesia rugulosa (Labill.) Kuhn,Paesia rugosula (Labill.) Kuhn,accepted,FALSE,4,0,0,0,NA,NA,NCBI,spelling mistake in species name,NA
Paradavallodes kansuensis Ching,Paradavallodes kansuense Ching,synonym,FALSE,2,0,0,0,NA,NA,NCBI,spelling mistake in species name,NA
"Parapolystichum microsorum subsp. pentangulare (Colenso) Labiak, Sundue & R.C.Moran","Parapolystichum microsorum subsp. pentagulare (Colenso) Labiak, Sundue & R. C. Moran",accepted,FALSE,3,0,0,0,NA,NA,NCBI,spelling mistake in species name,NA
Parapolystichum novoguineensis (Holttum) Sundue & Testo,Parapolystichum novoguineense (Holttum) Sundue & Testo,accepted,FALSE,2,0,0,0,NA,NA,NCBI,spelling mistake in species name,NA
"Parapolystichum windsorensis (D.L.Jones & B.Gray) Labiak, Sundue & R.C.Moran","Parapolystichum windsorense (D. L. Jones & B. Gray) Labiak, Sundue & R. C. Moran",accepted,FALSE,7,0,0,0,NA,NA,NCBI,spelling mistake in species name,NA
Pecluma oranensis (de la Sota) de la Sota,Pecluma oranense (de la Sota) de la Sota,accepted,FALSE,2,0,0,0,NA,NA,NCBI,spelling mistake in species name,NA
Pecluma ptilodon var. robusta (Fee) Lellinger,Pecluma ptilotos var. robusta (Fée) Lellinger,synonym,FALSE,3,0,0,0,NA,NA,NCBI,spelling mistake in species name,NA
Pecluma ptilotos (Kunze) M.G.Price,Pecluma ptilota (Kunze) M. G. Price,accepted,FALSE,4,0,0,0,NA,NA,NCBI,spelling mistake in species name,NA
Physematium manchuriense (Hook.) Nakai,Physematium manchuriensis (Hook.) Nakai,accepted,FALSE,2,0,0,0,NA,NA,NCBI,spelling mistake in species name,NA
Platycerium hillii T.Moore,Platycerium willinckii Moore,synonym,FALSE,7,0,0,0,NA,NA,NCBI,spelling mistake in species name,NA
Pleopeltis murorum (Hook.) A.R.Sm. & Tejero,Pleopeltis murora (Hook.) A. R. Sm. & Tejero,accepted,FALSE,4,0,0,0,NA,NA,NCBI,spelling mistake in species name,NA
Pleopeltis polypodioides var. acicularis (Weath.) E.G.Andrews & Windham,Pleopeltis polypodioides var. aciculare (Weath.) E. G. Andrews & Windham,synonym,FALSE,4,0,0,0,NA,NA,NCBI,spelling mistake in species name,NA
Polypodium wiesbaueri Sodiro,Polypodium wiesbaurii Sodiro,synonym,FALSE,2,0,0,0,NA,NA,NCBI,spelling mistake in species name,NA
Polystichum erosum Ching,Polystichum grande Ching,ambiguous synonym,FALSE,5,0,0,0,NA,NA,NCBI,spelling mistake in species name,NA
Polystichum lilianiae,Polystichum liui Ching,accepted,FALSE,6,0,0,0,NA,NA,NCBI,spelling mistake in species name,NA
Pseudocyclosorus tuberculifer (C.Chr.) Ching,Pseudocyclosorus tuberculiferus (C. Chr.) Ching,synonym,FALSE,3,0,0,0,NA,NA,NCBI,spelling mistake in species name,NA
Pseudophegopteris yunkweiensis (Ching) Ching,Pseudophegopteris yunkweinensis (Ching) Ching,synonym,FALSE,1,0,0,0,NA,NA,NCBI,spelling mistake in species name,NA
Pteris assamica Fraser-Jenk.,Pteris andamanica Fraser-Jenk.,accepted,FALSE,4,0,0,0,NA,NA,NCBI,spelling mistake in species name,NA
Pteris cadieri H.Christ,Pteris radicans Christ,synonym,FALSE,7,0,0,0,NA,NA,NCBI,spelling mistake in species name,NA
Pteris lydgatei (Baker) H.Christ,Pteris lidgatii (Baker) Christ,accepted,FALSE,4,0,0,0,NA,NA,NCBI,spelling mistake in species name,NA
Pteris mcclurei Ching,Pteris maclurei Ching,synonym,FALSE,1,0,0,0,NA,NA,NCBI,spelling mistake in species name,NA
Pteris ottaria Bedd.,Pteris otaria Bedd.,accepted,FALSE,1,0,0,0,NA,NA,NCBI,spelling mistake in species name,NA
Pyrrosia martini (H.Christ) Ching,Pyrrosia martinii (Christ) Ching,synonym,FALSE,3,0,0,0,NA,NA,NCBI,spelling mistake in species name,NA
Pyrrosia matsudae (Hayata) Tagawa,Pyrrosia matsudai (Hayata) Tagawa,accepted,FALSE,1,0,0,0,NA,NA,NCBI,spelling mistake in species name,NA
Pyrrosia nummulariifolia (Sw.) Ching,Pyrrosia nummularifolia (Sw.) Ching,accepted,FALSE,1,0,0,0,NA,NA,NCBI,spelling mistake in species name,NA
Sadleria souleytiana (Gaudich.) T.Moore,Sadleria souleyetiana (Gaudich.) Moore,accepted,FALSE,3,0,0,0,NA,NA,NCBI,spelling mistake in species name,NA
"Selliguea albipes (C.Chr. & Ching) S.G.Lu, Hovenkamp & M.G.Gilbert","Selliguea albopes (C. Chr. & Ching) S. G. Lu, Hovenkamp & M. G. Gilbert",synonym,FALSE,6,0,0,0,NA,NA,NCBI,spelling mistake in species name,NA
Serpocaulon meniscifolium (Langsd. & Fisch.) A.R.Sm.,Serpocaulon menisciifolium (Langsd. & Fisch.) A. R. Sm.,accepted,FALSE,3,0,0,0,NA,NA,NCBI,spelling mistake in species name,NA
Sphaerostephanos arbuscula (Willd.) Holttum,Sphaerostephanos arbusculus (Willd.) Holttum,accepted,FALSE,2,0,0,0,NA,NA,NCBI,spelling mistake in species name,NA
Stigmatopteris ichthiosma (Sodiro) C.Chr.,Stigmatopteris ichtiosma (Sodiro) C. Chr.,accepted,FALSE,2,0,0,0,NA,NA,NCBI,spelling mistake in species name,NA
Struthiopteris nipponica (Kunze) Nakai,Struthiopteris niponica (Kunze) Nakai,synonym,FALSE,1,0,0,0,NA,NA,NCBI,spelling mistake in species name,NA
Tapeinidium denhami (Hook.) C.Chr.,Tapeinidium denhamii (Hook.) C. Chr.,accepted,FALSE,2,0,0,0,NA,NA,NCBI,spelling mistake in species name,NA
Tapeinidium longipinnulum (Ces.) C.Chr.,Tapeinidium longipinnatum (Ces.) C. Chr.,accepted,FALSE,3,0,0,0,NA,NA,NCBI,spelling mistake in species name,NA
Tectaria antioquoiana (Baker) C.Chr.,Tectaria antioquiana (Baker) C. Chr.,accepted,FALSE,2,0,0,0,NA,NA,NCBI,spelling mistake in species name,NA
Tectaria zeylanica (Houtt.) Sledge,Tectaria zeilanica (Houtt.) Sledge,accepted,FALSE,1,0,0,0,NA,NA,NCBI,spelling mistake in species name,NA
Terpsichore aspleniifolia (L.) A.R.Sm.,Terpsichore asplenifolia (L.) A. R. Sm.,accepted,FALSE,3,0,0,0,NA,NA,NCBI,spelling mistake in species name,NA
Acystopteris taiwaniana (Tagawa) A.Love & D.Love,Acystopteris taiwaniana (Tagawa) Á. & D. Löve,accepted,TRUE,7,1,0,0,NA,NA,NCBI,author variant,NA
Adenophorus sarmentosus (Brack.) K.Wilson,Adenophorus sarmentosus (Brack.) K. A. Wilson,accepted,TRUE,4,1,0,0,NA,NA,NCBI,author variant,NA
Adiantopsis dichotoma (Cav.) T.Moore,Adiantopsis dichotoma (Cav.) Moore,accepted,TRUE,2,1,0,0,NA,NA,NCBI,author variant,NA
Adiantopsis monticola (Gardner) T.Moore,Adiantopsis monticola (Gardner) Moore,accepted,TRUE,2,1,0,0,NA,NA,NCBI,author variant,NA
Adiantopsis pedata (Hook.) T.Moore,Adiantopsis pedata (Hook.) Moore,accepted,TRUE,2,1,0,0,NA,NA,NCBI,author variant,NA
Adiantopsis trifurcata (Baker) M.A.Link-Perez & Hickey,Adiantopsis trifurcata (Baker) Link-Pérez & Hickey,accepted,TRUE,5,1,0,0,NA,NA,NCBI,author variant,NA
Adiantum anceps Maxon & C.V.Morton,Adiantum anceps Maxon & Morton,accepted,TRUE,4,1,0,0,NA,NA,NCBI,author variant,NA
Adiantum calcareum Gardner,Adiantum calcareum Gaertn.,accepted,TRUE,4,1,0,0,NA,NA,NCBI,author variant,NA
Adiantum capillus-veneris var. dissectum (M.Martens & Galeotti) T.Moore,Adiantum capillus-veneris var. dissectum (M. Martens & Galeotti) Ching,synonym,TRUE,8,1,0,0,NA,NA,NCBI,author variant,NA
Adiantum fulvum M.Raoul,Adiantum fulvum Raoul,accepted,TRUE,2,1,0,0,NA,NA,NCBI,author variant,NA
Adiantum henslovianum Hook.f.,Adiantum henslovianum Hook. fil.,accepted,TRUE,3,1,0,0,NA,NA,NCBI,author variant,NA
Adiantum induratum H.Christ,Adiantum induratum Christ,accepted,TRUE,2,1,0,0,NA,NA,NCBI,author variant,NA
Adiantum jordanii Muell.Hal.,Adiantum jordanii Müll. Hal.,accepted,TRUE,3,1,0,0,NA,NA,NCBI,author variant,NA
Adiantum leveillei H.Christ,Adiantum leveillei Christ,synonym,TRUE,2,1,0,0,NA,NA,NCBI,author variant,NA
Adiantum madagascariense H.Rosend.,Adiantum madagascariense Rosend.,accepted,TRUE,2,1,0,0,NA,NA,NCBI,author variant,NA
Adiantum malesianum J.Ghatak,Adiantum malesianum Ghatak,synonym,TRUE,2,1,0,0,NA,NA,NCBI,author variant,NA
Adiantum monochlamys D.C.Eaton,Adiantum monochlamys Eaton,accepted,TRUE,4,1,0,0,NA,NA,NCBI,author variant,NA
Adiantum princeps T.Moore,Adiantum princeps Moore,synonym,TRUE,2,1,0,0,NA,NA,NCBI,author variant,NA
Adiantum reniforme var. sinense Y.X.Ling,Adiantum reniforme var. sinense Y. X. Lin,synonym,TRUE,3,1,0,0,NA,NA,NCBI,author variant,NA
Adiantum sericeum D.C.Eaton,Adiantum sericeum Eaton,accepted,TRUE,4,1,0,0,NA,NA,NCBI,author variant,NA
Adiantum silvaticum Tindale,Adiantum silvaticum Tind.,accepted,TRUE,3,1,0,0,NA,NA,NCBI,author variant,NA
Adiantum tracyi C.C.Hall ex W.H.Wagner,Adiantum ×  tracyi C. C. Hall ex Wagner,accepted,TRUE,9,1,0,0,NA,NA,NCBI,author variant,NA
Adiantum viridimontanum C.A.Paris,Adiantum viridimontanum Paris,accepted,TRUE,4,1,0,0,NA,NA,NCBI,author variant,NA
Aglaomorpha hieronymi (Brause) Coepl.,Aglaomorpha hieronymi (Brause) Copel.,accepted,TRUE,1,1,0,0,NA,NA,NCBI,author variant,NA
Aglaomorpha parkinsonii (Baker) Parros & M.C.Roos,Aglaomorpha parkinsonii (Baker) Parris & M. C. Roos,accepted,TRUE,3,1,0,0,NA,NA,NCBI,author variant,NA
Alsophila colensoi Hook.f.,Alsophila colensoi Hook. fil.,accepted,TRUE,3,1,0,0,NA,NA,NCBI,author variant,NA
Alsophila imrayana (Hook.) D.S.Conant,Alsophila imrayana (Hook.) Conant,accepted,TRUE,4,1,0,0,NA,NA,NCBI,author variant,NA
Alsophila marcescens (N.A.Wakef.) R.M.Tryon,Alsophila ×  marcescens (N. A. Wakef.) R. M. Tryon,accepted,TRUE,7,1,0,0,NA,NA,NCBI,author variant,NA
"Alsophila orientalis (Kunze) R.M.Tryon, q1970",Alsophila orientalis (Kunze) R. M. Tryon,accepted,TRUE,9,1,0,0,NA,NA,NCBI,author variant,NA
Amauropelta cheilanthoides (Kunze) A.Love & D.Love,Amauropelta cheilanthoides (Kunze) Á. & D. Löve,accepted,TRUE,7,1,0,0,NA,NA,NCBI,author variant,NA
Amauropelta pilosula (Klotzsch & H.Karst. ex Mett.) Á.Löve & D.Löve,Amauropelta pilosula (Klotzsch & H. Karst. ex Mett.) Á. & D. Löve,accepted,TRUE,11,1,0,0,NA,NA,NCBI,author variant,NA
Anemia buniifolia (Gardner) T.Moore,Anemia buniifolia (Gardner) Moore,accepted,TRUE,2,1,0,0,NA,NA,NCBI,author variant,NA
Anemia collina Sm.,Anemia collina Raddi,accepted,TRUE,5,1,0,0,NA,NA,NCBI,author variant,NA
Anemia imbricata J.W.Sturm,Anemia imbricata Sturm,accepted,TRUE,4,1,0,0,NA,NA,NCBI,author variant,NA
Anemia salvadorensis Mickel & R.L.Seiler,Anemia salvadorensis Mickel & Seiler,accepted,TRUE,4,1,0,0,NA,NA,NCBI,author variant,NA
Angiopteris rapensis E.Brown,Angiopteris rapensis E. D. Br.,accepted,TRUE,7,1,0,0,NA,NA,NCBI,author variant,NA
"Anisocampium niponicum (Mett.) Y.C.Liu, W.L.Chiou & M.Kato","Anisocampium niponicum (Mett.) Yea C. Liu, W. L. Chiou & M. Kato",accepted,TRUE,7,1,0,0,NA,NA,NCBI,author variant,NA
Arachniodes yasu-inouei Sa.Kurata,Arachniodes yasu-inouei Kurata,synonym,TRUE,3,1,0,0,NA,NA,NCBI,author variant,NA
Ascogrammitis clavigera A.R.Sm. & Sundue,Ascogrammitis clavigera A. R. Sm. ex Sundue,accepted,TRUE,4,1,0,0,NA,NA,NCBI,author variant,NA
Asplenium antrophyoides H.Christ,Asplenium antrophyoides Christ,accepted,TRUE,2,1,0,0,NA,NA,NCBI,author variant,NA
Asplenium celtibericum Rivas Mart.,Asplenium ×  celtibericum Rivas Mart.,accepted,TRUE,3,1,0,0,NA,NA,NCBI,author variant,NA
Asplenium cuneatiforme H.Christ,Asplenium cuneatiforme Christ,accepted,TRUE,2,1,0,0,NA,NA,NCBI,author variant,NA
Asplenium cymbifolium H.Christ,Asplenium cymbifolium Christ,accepted,TRUE,2,1,0,0,NA,NA,NCBI,author variant,NA
Asplenium heteroresiliens W.H.Wagner,Asplenium ×  heteroresiliens W. H. Wagner,accepted,TRUE,5,1,0,0,NA,NA,NCBI,author variant,NA
Asplenium interjectum H.Christ,Asplenium interjectum Christ,accepted,TRUE,2,1,0,0,NA,NA,NCBI,author variant,NA
Asplenium komarovii Akas.,Asplenium komarovii Akasawa,accepted,TRUE,3,1,0,0,NA,NA,NCBI,author variant,NA
Asplenium milnei Carriere,Asplenium milnei Carruth.,accepted,TRUE,4,1,0,0,NA,NA,NCBI,author variant,NA
Asplenium minutifolium Kanemitsu & Tagane,Asplenium minutifolium Kanem. & Tagane,accepted,TRUE,4,1,0,0,NA,NA,NCBI,author variant,NA
"Asplenium pifongiae L.-Y. Kuo, F.W.Li & Y.H.Chang","Asplenium pifongiae L. Y. Kuo, Fay W. Li & Y. H. Chang",accepted,TRUE,7,1,0,0,NA,NA,NCBI,author variant,NA
Asplenium pulcherrimum (Baker) Ching ex Tardieu,Asplenium pulcherrimum (Baker) Ching apud Tardieu,accepted,TRUE,4,1,0,0,NA,NA,NCBI,author variant,NA
Asplenium quaylei E.Brown,Asplenium quaylei E. D. Br.,accepted,TRUE,7,1,0,0,NA,NA,NCBI,author variant,NA
Asplenium ruprechtii Sa.Kurata,Asplenium ruprechtii Kurata,accepted,TRUE,3,1,0,0,NA,NA,NCBI,author variant,NA
Asplenium scandens Houlston & T.Moore,Asplenium scandens Houlston & Moore,ambiguous synonym,TRUE,2,1,0,0,NA,NA,NCBI,author variant,NA
Asplenium scolopendropsis J.Sm.,Asplenium scolopendropsis F. Muell.,synonym,TRUE,7,1,0,0,NA,NA,NCBI,author variant,NA
Asplenium seelosii Leybold,Asplenium seelosii Leyb.,accepted,TRUE,3,1,0,0,NA,NA,NCBI,author variant,NA
Asplenium simii A.F.Braithw. & Schelpe,Asplenium simii Braithw. & Schelpe,accepted,TRUE,4,1,0,0,NA,NA,NCBI,author variant,NA
"Asplenium subglandulosum subsp. hispanicum (Coss.) Salvo, Prada & Diaz","Asplenium subglandulosum subsp. hispanicum (Coss.) Salvo, Prada & T. E. Díaz",synonym,TRUE,7,1,0,0,NA,NA,NCBI,author variant,NA
Asplenium wrightii D.C.Eaton ex Hook.,Asplenium wrightii Eaton ex Hook.,accepted,TRUE,4,1,0,0,NA,NA,NCBI,author variant,NA
Asplenium wrightioides H.Christ,Asplenium wrightioides Christ,synonym,TRUE,2,1,0,0,NA,NA,NCBI,author variant,NA
Astrolepis deltoidea (Baker) J.Beck & Windham,Astrolepis deltoidea (Baker) J. B. Beck & Windham,accepted,TRUE,4,1,0,0,NA,NA,NCBI,author variant,NA
Athyrium alpestre (Hoppe) Clairv.,Athyrium alpestre (Hoppe) Rylands,synonym,TRUE,6,0,1,0,accepted,Manuel d'Herborisation en Suisse et en Valais xx. 1811,NCBI,author variant; Athyrium alpestre (Hoppe) Clairv. is accepted name according to Tropicos,NA
Athyrium alpestre (Hoppe) Clairv.,Athyrium alpestre (Hoppe) Moore,synonym,TRUE,6,0,1,0,accepted,Manuel d'Herborisation en Suisse et en Valais xx. 1811,NCBI,author variant; Athyrium alpestre (Hoppe) Clairv. is accepted name according to Tropicos,NA
Athyrium asplenioides (Michx.) Eaton,Athyrium asplenioides (Michx.) Desv.,accepted,TRUE,5,1,0,0,NA,NA,NCBI,author variant,NA
Athyrium biserrulatum H.Christ,Athyrium biserrulatum Christ,accepted,TRUE,2,1,0,0,NA,NA,NCBI,author variant,NA
Athyrium kenzo-satakei Sa. Kurata,Athyrium kenzo-satakei Kurata,accepted,TRUE,4,1,0,0,NA,NA,NCBI,author variant,NA
Athyrium newtonii Baker,Athyrium newtonii (Baker) Diels,accepted,TRUE,8,1,0,0,NA,NA,NCBI,author variant,NA
Athyrium nigripes (Blume) T.Moore,Athyrium nigripes (Blume) Moore,ambiguous synonym,TRUE,2,1,0,0,NA,NA,NCBI,author variant,NA
Athyrium oblitescens Sa.Kurata,Athyrium oblitescens Kurata,accepted,TRUE,3,1,0,0,NA,NA,NCBI,author variant,NA
Athyrium pectinatum (Wall. ex Mett.) T.Moore,Athyrium pectinatum (Wall. ex Mett.) Bedd.,ambiguous synonym,TRUE,7,1,0,0,NA,NA,NCBI,author variant,NA
Athyrium puncticaule (Blume) T.Moore,Athyrium puncticaule (Blume) Moore,accepted,TRUE,2,1,0,0,NA,NA,NCBI,author variant,NA
Athyrium setuligerum Sa.Kurata,Athyrium setuligerum Kurata,accepted,TRUE,3,1,0,0,NA,NA,NCBI,author variant,NA
Athyrium solenopteris (Kunze) T.Moore,Athyrium solenopteris (Kunze) Bedd.,synonym,TRUE,7,1,0,0,NA,NA,NCBI,author variant,NA
Athyrium spinescens Sa.Kurata,Athyrium spinescens Kurata,accepted,TRUE,3,1,0,0,NA,NA,NCBI,author variant,NA
Athyrium viridescentipes Sa.Kurata,Athyrium viridescentipes Kurata,accepted,TRUE,3,1,0,0,NA,NA,NCBI,author variant,NA
Blechnidium melanopus (Hook.) T.Moore,Blechnidium melanopus (Hook.) Moore,accepted,TRUE,2,1,0,0,NA,NA,NCBI,author variant,NA
Blechnum vieillardii var. simplex Fourn.,Blechnum vieillardii var. simplex E. Fourn.,synonym,TRUE,3,1,0,0,NA,NA,NCBI,author variant,NA
Bolbitis angustipinna (Hayata) H.Ito,Bolbitis angustipinna (Hayata) Itô,accepted,TRUE,3,1,0,0,NA,NA,NCBI,author variant,NA
Botrychium acuminatum W.H.Wagner,Botrychium acuminatum Wagner,accepted,TRUE,4,1,0,0,NA,NA,NCBI,author variant,NA
Botrychium ascendens W.H.Wagner,Botrychium ascendens Wagner,accepted,TRUE,4,1,0,0,NA,NA,NCBI,author variant,NA
Botrychium boreale J.Milde,Botrychium boreale (Fr.) Milde,accepted,TRUE,5,1,0,0,NA,NA,NCBI,author variant,NA
Botrychium campestre W.H.Wagner & Farrar,Botrychium campestre Wagner & Farrar,accepted,TRUE,4,1,0,0,NA,NA,NCBI,author variant,NA
Botrychium crenulatum W.H.Wagner,Botrychium crenulatum Wagner,accepted,TRUE,4,1,0,0,NA,NA,NCBI,author variant,NA
Botrychium echo W.H.Wagner,Botrychium echo Wagner,accepted,TRUE,4,1,0,0,NA,NA,NCBI,author variant,NA
Botrychium hesperium (Maxon & R.T.Clausen) W.H.Wagner & Lellinger,Botrychium hesperium (Maxon & Clausen) Wagner & Lellinger,accepted,TRUE,8,1,0,0,NA,NA,NCBI,author variant,NA
Botrychium lanceolatum (S.G.Gmel.) Angstrom,Botrychium lanceolatum (S. G. Gmel.) Ångstr.,accepted,TRUE,5,1,0,0,NA,NA,NCBI,author variant,NA
Botrychium lanceolatum subsp. angustisegmentum (Pease & A.H.Moore) R.T.Clausen,Botrychium lanceolatum subsp. angustisegmentum (Pease & Moore) Clausen,accepted,TRUE,8,1,0,0,NA,NA,NCBI,author variant,NA
Botrychium montanum W.H.Wagner,Botrychium montanum Wagner,accepted,TRUE,4,1,0,0,NA,NA,NCBI,author variant,NA
Botrychium mormo W.H.Wagner,Botrychium mormo Wagner,accepted,TRUE,4,1,0,0,NA,NA,NCBI,author variant,NA
Botrychium pallidum W.H.Wagner,Botrychium pallidum Wagner,accepted,TRUE,4,1,0,0,NA,NA,NCBI,author variant,NA
Botrychium paradoxum W.H.Wagner,Botrychium paradoxum Wagner,accepted,TRUE,4,1,0,0,NA,NA,NCBI,author variant,NA
Botrychium pedunculosum W.H.Wagner,Botrychium pedunculosum Wagner,accepted,TRUE,4,1,0,0,NA,NA,NCBI,author variant,NA
Botrychium pseudopinnatum W.H.Wagner,Botrychium pseudopinnatum Wagner,accepted,TRUE,4,1,0,0,NA,NA,NCBI,author variant,NA
Botrychium spathulatum W.H.Wagner,Botrychium spathulatum Wagner,accepted,TRUE,4,1,0,0,NA,NA,NCBI,author variant,NA
Botrychium watertonense W.H.Wagner,Botrychium ×  watertonense W. H. Wagner,accepted,TRUE,5,1,0,0,NA,NA,NCBI,author variant,NA
Cheilanthes aurantiaca (Cav.) T.Moore,Cheilanthes aurantiaca (Cav.) Moore,synonym,TRUE,2,1,0,0,NA,NA,NCBI,author variant,NA
Cheilanthes nudiuscula (R.Br.) T.Moore,Cheilanthes nudiuscula (R. Br.) Moore,accepted,TRUE,3,1,0,0,NA,NA,NCBI,author variant,NA
Cheilanthes peruviana (Desv.) T.Moore,Cheilanthes peruviana (Desv.) Moore,accepted,TRUE,2,1,0,0,NA,NA,NCBI,author variant,NA
Cheilanthes skinneri (Hook.) T.Moore,Cheilanthes skinneri (Hook.) Moore,synonym,TRUE,2,1,0,0,NA,NA,NCBI,author variant,NA
Cheilanthes squamosa Gillies & Hook. ex Grev.,Cheilanthes squamosa Gill. ex Hook. & Grev.,accepted,TRUE,7,1,0,0,NA,NA,NCBI,author variant,NA
Christella conspersa (Schrad.) A.Love & D.Love,Christella conspersa (Schrad.) Á. & D. Löve,accepted,TRUE,7,1,0,0,NA,NA,NCBI,author variant,NA
Christella latipinna (Benth.) H.Lev.,Christella latipinna (Benth.) Lév.,accepted,TRUE,3,1,0,0,NA,NA,NCBI,author variant,NA
Christella papilio (C.Hope) K.Iwats.,Christella papilio (C. Hope) Holttum,accepted,TRUE,8,1,0,0,NA,NA,NCBI,author variant,NA
Cionidium moorei T.Moore,Cionidium moorei (Hook.) Moore,synonym,TRUE,7,1,0,0,NA,NA,NCBI,author variant,NA
Crepidomanes walleri (Watts) Tindale,Crepidomanes walleri (Watts) Tind.,accepted,TRUE,3,1,0,0,NA,NA,NCBI,author variant,NA
Cryptogramma sitchensis (Rupr.) T.Moore,Cryptogramma sitchensis (Rupr.) Moore,accepted,TRUE,2,1,0,0,NA,NA,NCBI,author variant,NA
Ctenitis crinita (Poir.) Tardieu,Ctenitis crinita (Poir.) Ching,accepted,TRUE,6,1,0,0,NA,NA,NCBI,author variant,NA
Cyathea cunninghamii Hook.f.,Cyathea cunninghamii Hook. fil.,synonym,TRUE,3,1,0,0,NA,NA,NCBI,author variant,NA
Cyathea mexicana Schlecht. & Cham.,Cyathea mexicana Schltdl. & Cham.,synonym,TRUE,4,1,0,0,NA,NA,NCBI,author variant,NA
Cyathea phalaenolepis (C.Chr.) Domin,Cyathea phalaenolepis (C. Chr.) Domin Domin,accepted,TRUE,7,1,0,0,NA,NA,NCBI,author variant,NA
Cyathea planadae N.C.Arens & A.R.Sm.,Cyathea planadae Arens & A. R. Sm.,accepted,TRUE,6,1,0,0,NA,NA,NCBI,author variant,NA
Cyathea tenera (Hook.) T.Moore,Cyathea tenera (J. Sm.) Moore,accepted,TRUE,7,1,0,0,NA,NA,NCBI,author variant,NA
Cyclodium heterodon (Schrad.) T.Moore,Cyclodium heterodon (Schrad.) Moore,accepted,TRUE,2,1,0,0,NA,NA,NCBI,author variant,NA
Davallia beddomei C.Hope,Davallia beddomei Hope,accepted,TRUE,2,1,0,0,NA,NA,NCBI,author variant,NA
Davallia corniculata T.Moore,Davallia corniculata Moore,accepted,TRUE,2,1,0,0,NA,NA,NCBI,author variant,NA
Davallia epiphylla (G.Forst.) Sw.,Davallia epiphylla (G. Forst.) Spreng.,accepted,TRUE,6,1,0,0,NA,NA,NCBI,author variant,NA
Davallia mariesii T.Moore ex Baker,Davallia mariesii Moore ex Baker,synonym,TRUE,2,1,0,0,NA,NA,NCBI,author variant,NA
Dennstaedtia auriculata Navarrete & B.Øllg.,Dennstaedtia auriculata Navarr. & B. Øllg.,accepted,TRUE,4,1,0,0,NA,NA,NCBI,author variant,NA
Dennstaedtia davallioides T.Moore,Dennstaedtia davallioides (R. Br.) Moore,accepted,TRUE,8,1,0,0,NA,NA,NCBI,author variant,NA
Dennstaedtia dissecta (Sw.) T.Moore,Dennstaedtia dissecta (Sw.) Moore,accepted,TRUE,2,1,0,0,NA,NA,NCBI,author variant,NA
Dennstaedtia punctilobula (Michx.) T.Moore,Dennstaedtia punctilobula (Michx.) Moore,accepted,TRUE,2,1,0,0,NA,NA,NCBI,author variant,NA
Dennstaedtia samoensis (Brack.) T.Moore,Dennstaedtia samoensis (Brack.) Moore,accepted,TRUE,2,1,0,0,NA,NA,NCBI,author variant,NA
Dennstaedtia scabra (Wall. ex Hook.) T.Moore,Dennstaedtia scabra (Wall. ex Hook.) Moore,synonym,TRUE,2,1,0,0,NA,NA,NCBI,author variant,NA
Dennstaedtia scandens (Blume) T.Moore,Dennstaedtia scandens (Blume) Moore,accepted,TRUE,2,1,0,0,NA,NA,NCBI,author variant,NA
Dennstaedtia werckleana (Christ) Navarrete & B.Øllg.,Dennstaedtia werckleana (Christ) Navarr. & B. Øllg.,accepted,TRUE,4,1,0,0,NA,NA,NCBI,author variant,NA
Deparia florensiae Rakotondr. & Jouy,Deparia florensiae Rakotondr.,synonym,TRUE,7,1,0,0,NA,NA,NCBI,author variant,NA
Deparia nakaikeana Fraser-Jenk.,Deparia ×  nakaikeana Fraser-Jenk.,accepted,TRUE,3,1,0,0,NA,NA,NCBI,author variant,NA
Dicksonia karsteniana (Klotzsch) T.Moore,Dicksonia karsteniana (Klotzsch) Moore,accepted,TRUE,2,1,0,0,NA,NA,NCBI,author variant,NA
Diplazium australe (R.Br.) N.A.Wakef.,Diplazium australe (R. Br.) Wakef.,accepted,TRUE,5,1,0,0,NA,NA,NCBI,author variant,NA
Diplazium griffithii T.Moore,Diplazium griffithii (T. Moore) Diels,accepted,TRUE,9,1,0,0,NA,NA,NCBI,author variant,NA
Diplazium harpeodes T.Moore,Diplazium harpeodes Moore,accepted,TRUE,2,1,0,0,NA,NA,NCBI,author variant,NA
Diplazium lobbianum (Hook.) T.Moore,Diplazium lobbianum Moore,accepted,TRUE,10,1,0,0,NA,NA,NCBI,author variant,NA
Diplazium pallidum (Blume) T.Moore,Diplazium pallidum (Blume) Moore,accepted,TRUE,2,1,0,0,NA,NA,NCBI,author variant,NA
Diplazium proliferum,Diplazium proliferum Brack.,ambiguous synonym,TRUE,7,1,0,0,NA,NA,NCBI,author variant,NA
Diplazium sanderi (C.Chr.) L.Pacheco,Diplazium sanderi (C. Chr.) Pacheco,accepted,TRUE,3,1,0,0,NA,NA,NCBI,author variant,NA
Diplazium squamigerum (Mett.) C.Hope,Diplazium squamigerum (Mett.) Christ,synonym,TRUE,5,1,0,0,NA,NA,NCBI,author variant,NA
Dipteris lobbiana (Hook.) T.Moore,Dipteris lobbiana (Hook.) Moore,accepted,TRUE,2,1,0,0,NA,NA,NCBI,author variant,NA
Doryopteris nobilis (T.Moore) C.Chr.,Doryopteris nobilis (Moore) J. Sm.,accepted,TRUE,6,1,0,0,NA,NA,NCBI,author variant,NA
Dryopteris basisora,Dryopteris basisora Copel.,ambiguous synonym,TRUE,7,1,0,0,NA,NA,NCBI,author variant,NA
Dryopteris championii (Benth.) C.Chr. ex Ching,Dryopteris championii (Benth.) C. Chr. apud Ching,accepted,TRUE,5,1,0,0,NA,NA,NCBI,author variant,NA
Dryopteris fatuhivensis E.Brown,Dryopteris fatuhivensis E. D. Br.,synonym,TRUE,7,1,0,0,NA,NA,NCBI,author variant,NA
"Dryopteris glabra var. hobdyana (W.H.Wagner) D.D.Palmer, ined.",Dryopteris glabra var. hobdyana (W. H. Wagner) D. D. Palmer,accepted,TRUE,11,1,0,0,NA,NA,NCBI,author variant,NA
Dryopteris hadanoi Sa.Kurata,Dryopteris hadanoi Kurata,accepted,TRUE,3,1,0,0,NA,NA,NCBI,author variant,NA
Dryopteris holttumii Li Bing Zhang,Dryopteris ×  holttumii Li Bing Zhang,synonym,TRUE,3,1,0,0,NA,NA,NCBI,author variant,NA
Dryopteris juxtaposita H.Christ,Dryopteris juxtaposita Christ,accepted,TRUE,2,1,0,0,NA,NA,NCBI,author variant,NA
Dryopteris kinokuniensis Sa.Kurata,Dryopteris kinokuniensis Kurata,accepted,TRUE,3,1,0,0,NA,NA,NCBI,author variant,NA
Dryopteris lachoongensis (Bedd.) B.K.Nayar & S.Kaur,Dryopteris lachoongensis (Bedd.) B. K. Nayar & Kaur,accepted,TRUE,4,1,0,0,NA,NA,NCBI,author variant,NA
Dryopteris marginalis (L.) A.Gray,Dryopteris marginalis (L.) Gray,accepted,TRUE,2,1,0,0,NA,NA,NCBI,author variant,NA
Dryopteris namegatae (Sa.Kurata) Sa.Kurata,Dryopteris namegatae (Kurata) Kurata,accepted,TRUE,6,1,0,0,NA,NA,NCBI,author variant,NA
Dryopteris paleolata (Pic. Serm.) L.B.Zhang,Dryopteris paleolata (Pic. Serm.) Li Bing Zhang,accepted,TRUE,6,1,0,0,NA,NA,NCBI,author variant,NA
Dryopteris panda (C.B.Clarke) H.Christ,Dryopteris panda (C. B. Clarke) C. Chr.,accepted,TRUE,7,1,0,0,NA,NA,NCBI,author variant,NA
Dryopteris redactopinnata S.K.Basu & Panigrahi,Dryopteris redactopinnata Basu & Panigrahi,accepted,TRUE,4,1,0,0,NA,NA,NCBI,author variant,NA
Dryopteris ryo-itoana Sa.Kurata,Dryopteris ryo-itoana Kurata,accepted,TRUE,3,1,0,0,NA,NA,NCBI,author variant,NA
Dryopteris shibipedis Sa.Kurata,Dryopteris shibipedis Kurata,accepted,TRUE,3,1,0,0,NA,NA,NCBI,author variant,NA
Dryopteris shiroumensis Sa.Kurata & T.Nakam.,Dryopteris shiroumensis Kurata & Nakam.,accepted,TRUE,5,1,0,0,NA,NA,NCBI,author variant,NA
Dryopteris simasakii (H.Ito) Sa.Kurata,Dryopteris simasakii (H. Itô) Kurata,accepted,TRUE,5,1,0,0,NA,NA,NCBI,author variant,NA
"Dryopteris sororia (Maxon) M.McHenry, Sundue & Barrington","Dryopteris sororia (Maxon) M. A. Mc Henry, Sundue & Barrington",accepted,TRUE,5,1,0,0,NA,NA,NCBI,author variant,NA
Dryopteris subreflexipinna M.Ogata,Dryopteris subreflexipinna Ogata,accepted,TRUE,2,1,0,0,NA,NA,NCBI,author variant,NA
Dryopteris tsugiwoi Sa.Kurata,Dryopteris tsugiwoi Kurata,accepted,TRUE,3,1,0,0,NA,NA,NCBI,author variant,NA
"Dryopteris wattsii M. McKeown, Sundue & Barrington","Dryopteris wattsii Mc Keown, Sundue & Barrington",accepted,TRUE,3,1,0,0,NA,NA,NCBI,author variant,NA
Dryopteris yakusilvicola Sa.Kurata,Dryopteris yakusilvicola Kurata,synonym,TRUE,3,1,0,0,NA,NA,NCBI,author variant,NA
Elaphoglossum albescens (Sodiro) H.Christ,Elaphoglossum albescens (Sodiro) Christ,synonym,TRUE,2,1,0,0,NA,NA,NCBI,author variant,NA
Elaphoglossum alismifolium T.Moore,Elaphoglossum alismifolium (Fée) Moore,synonym,TRUE,6,1,0,0,NA,NA,NCBI,author variant,NA
Elaphoglossum alpestre (Gardner) T.Moore,Elaphoglossum alpestre (Gardner) Moore,accepted,TRUE,2,1,0,0,NA,NA,NCBI,author variant,NA
Elaphoglossum amygdalifolium (Mett. ex Kuhn) H.Christ,Elaphoglossum amygdalifolium (Mett. ex Kuhn) Christ,accepted,TRUE,2,1,0,0,NA,NA,NCBI,author variant,NA
Elaphoglossum angulatum (Blume) T.Moore,Elaphoglossum angulatum (Blume) Moore,accepted,TRUE,2,1,0,0,NA,NA,NCBI,author variant,NA
Elaphoglossum aubertii (Desv.) T.Moore,Elaphoglossum aubertii (Desv.) Moore,accepted,TRUE,2,1,0,0,NA,NA,NCBI,author variant,NA
Elaphoglossum bellermannianum (Klotzsch) T.Moore,Elaphoglossum bellermannianum (Klotzsch) Moore,accepted,TRUE,2,1,0,0,NA,NA,NCBI,author variant,NA
Elaphoglossum callifolium (Blume) T.Moore,Elaphoglossum callifolium (Blume) Moore,accepted,TRUE,2,1,0,0,NA,NA,NCBI,author variant,NA
Elaphoglossum cardenasii W.H. Wagner,Elaphoglossum cardenasii Wagner,accepted,TRUE,5,1,0,0,NA,NA,NCBI,author variant,NA
Elaphoglossum cardiophyllum (Hook.) T.Moore,Elaphoglossum cardiophyllum (Hook.) Moore,accepted,TRUE,2,1,0,0,NA,NA,NCBI,author variant,NA
Elaphoglossum dimorphum (Hook. & Grev.) T.Moore,Elaphoglossum dimorphum (Hook. & Grev.) Moore,accepted,TRUE,2,1,0,0,NA,NA,NCBI,author variant,NA
Elaphoglossum feei (Bory ex Fee) T.Moore,Elaphoglossum feei (Bory ex Fée) Moore,accepted,TRUE,3,1,0,0,NA,NA,NCBI,author variant,NA
Elaphoglossum lechlerianum (Mett.) T.Moore,Elaphoglossum lechlerianum (Mett.) Moore,accepted,TRUE,2,1,0,0,NA,NA,NCBI,author variant,NA
Elaphoglossum lepervanchii (Bory) T.Moore,Elaphoglossum lepervanchii (Bory ex Fée) Moore,accepted,TRUE,8,1,0,0,NA,NA,NCBI,author variant,NA
Elaphoglossum lloense (Hook.) T.Moore,Elaphoglossum lloense (Hook.) Moore,accepted,TRUE,2,1,0,0,NA,NA,NCBI,author variant,NA
Elaphoglossum martinicense (Desv.) T.Moore,Elaphoglossum martinicense (Desv.) Moore,accepted,TRUE,2,1,0,0,NA,NA,NCBI,author variant,NA
Elaphoglossum nigrescens (Hook.) T.Moore ex Diels,Elaphoglossum nigrescens (Hook.) Moore ex Diels,accepted,TRUE,2,1,0,0,NA,NA,NCBI,author variant,NA
Elaphoglossum orbignyanum (Fee) T.Moore,Elaphoglossum orbignyanum (Fée) Moore,accepted,TRUE,3,1,0,0,NA,NA,NCBI,author variant,NA
Elaphoglossum ovatum (Hook. & Grev.) T.Moore,Elaphoglossum ovatum (Hook. & Grev.) Moore,accepted,TRUE,2,1,0,0,NA,NA,NCBI,author variant,NA
Elaphoglossum peltatum (Sw.) Urban,Elaphoglossum peltatum (Sw.) Urb.,accepted,TRUE,2,1,0,0,NA,NA,NCBI,author variant,NA
Elaphoglossum peltatum f. flabellatum (Humb. & Bonpl. ex Willd.) Micke,Elaphoglossum peltatum f. flabellatum (Humb. & Bonpl. ex Willd.) Mickel,accepted,TRUE,1,1,0,0,NA,NA,NCBI,author variant,NA
Elaphoglossum petiolosum (Desv.) T.Moore,Elaphoglossum petiolosum (Desv.) Moore,accepted,TRUE,2,1,0,0,NA,NA,NCBI,author variant,NA
Elaphoglossum reptans (Cav.) T.Moore,Elaphoglossum reptans (Cav.) Moore,ambiguous synonym,TRUE,2,1,0,0,NA,NA,NCBI,author variant,NA
Elaphoglossum sieberi (Hook. & Grev.) T.Moore,Elaphoglossum sieberi (Hook. & Grev.) Moore,accepted,TRUE,2,1,0,0,NA,NA,NCBI,author variant,NA
Elaphoglossum spatulatum (Bory) T.Moore,Elaphoglossum spatulatum (Bory) Moore,accepted,TRUE,2,1,0,0,NA,NA,NCBI,author variant,NA
Elaphoglossum succisifolium (Thouars) T.Moore,Elaphoglossum succisifolium (Thouars) Moore,accepted,TRUE,2,1,0,0,NA,NA,NCBI,author variant,NA
Elaphoglossum tectum (Humb. & Bonpl. ex Willd.) T.Moore,Elaphoglossum tectum (Humb. & Bonpl. ex Willd.) Moore,accepted,TRUE,2,1,0,0,NA,NA,NCBI,author variant,NA
Elaphoglossum tovii E.Brown,Elaphoglossum tovii E. D. Br.,accepted,TRUE,7,1,0,0,NA,NA,NCBI,author variant,NA
Elaphoglossum vestitum (Schltdl. & Cham.) T.Moore,Elaphoglossum vestitum (Schltdl. & Cham.) Schott,accepted,TRUE,6,1,0,0,NA,NA,NCBI,author variant,NA
Elaphoglossum vieillardii (Mett.) T.Moore,Elaphoglossum vieillardii (Mett.) Moore,accepted,TRUE,2,1,0,0,NA,NA,NCBI,author variant,NA
Equisetum arvense subsp. alpestre (Wahlenb.) Schonswetter & Elven,Equisetum arvense subsp. alpestre (Wahlenb.) Schönsw. & Elven,synonym,TRUE,6,1,0,0,NA,NA,NCBI,author variant,NA
Equisetum trachyodon (A.Braun) W.D.J.Koch,Equisetum trachyodon (A. Braun) Koch,accepted,TRUE,7,1,0,0,NA,NA,NCBI,author variant,NA
Gaga angustifolia (Kunth) F.W.Li & Windham,Gaga angustifolia (Kunth) Fay W. Li & Windham,accepted,TRUE,4,1,0,0,NA,NA,NCBI,author variant,NA
Gaga apiacea (Mickel) F.W.Li & Windham,Gaga apiacea (Mickel) Fay W. Li & Windham,accepted,TRUE,4,1,0,0,NA,NA,NCBI,author variant,NA
Gaga arizonica (Maxon) F.W.Li & Windham,Gaga arizonica (Maxon) Fay W. Li & Windham,accepted,TRUE,4,1,0,0,NA,NA,NCBI,author variant,NA
Gaga chaerophylla (M.Martens & Galeotti) F.W.Li & Windham,Gaga chaerophylla (M. Martens & Galeotti) Fay W. Li & Windham,accepted,TRUE,5,1,0,0,NA,NA,NCBI,author variant,NA
Gaga complanata (A.R.Sm.) F.W.Li & Windham,Gaga complanata (A. R. Sm.) Fay W. Li & Windham,accepted,TRUE,6,1,0,0,NA,NA,NCBI,author variant,NA
Gaga cuneata (Kaulf. ex Link) F.W.Li & Windham,Gaga cuneata (Kaulf. ex Link) Fay W. Li & Windham,accepted,TRUE,4,1,0,0,NA,NA,NCBI,author variant,NA
Gaga decurrens (Mickel) F.W.Li & Windham,Gaga decurrens (Mickel) Fay W. Li & Windham,accepted,TRUE,4,1,0,0,NA,NA,NCBI,author variant,NA
Gaga germanotta F.W.Li & Windham,Gaga germanotta Fay W. Li & Windham,accepted,TRUE,4,1,0,0,NA,NA,NCBI,author variant,NA
Gaga harrisii (Maxon) F.W.Li & Windham,Gaga harrisii (Maxon) Fay W. Li & Windham,accepted,TRUE,4,1,0,0,NA,NA,NCBI,author variant,NA
Gaga hintoniorum (M.G.Mendenh. & G.L.Nesom) F.W.Li & Windham,Gaga hintoniorum (Mendenh. & G. L. Nesom) Fay W. Li & Windham,accepted,TRUE,10,1,0,0,NA,NA,NCBI,author variant,NA
Gaga hirsuta (Link) F.W.Li & Windham,Gaga hirsuta (Link) Fay W. Li & Windham,accepted,TRUE,4,1,0,0,NA,NA,NCBI,author variant,NA
Gaga lerstenii (Mickel & Beitel) F.W.Li & Windham,Gaga lerstenii (Mickel & Beitel) Fay W. Li & Windham,synonym,TRUE,4,1,0,0,NA,NA,NCBI,author variant,NA
Gaga marginata (Kunth) F.W.Li & Windham,Gaga marginata (Kunth) Fay W. Li & Windham,accepted,TRUE,4,1,0,0,NA,NA,NCBI,author variant,NA
Gaga membranacea (Davenp.) F.W.Li & Windham,Gaga membranacea (Davenp.) Fay W. Li & Windham,accepted,TRUE,4,1,0,0,NA,NA,NCBI,author variant,NA
Gaga monstraparva F.W.Li & Windham,Gaga monstraparva Fay W. Li & Windham,accepted,TRUE,4,1,0,0,NA,NA,NCBI,author variant,NA
Gaga pellaeopsis (Mickel) F.W.Li & Windham,Gaga pellaeopsis (Mickel) Fay W. Li & Windham,accepted,TRUE,4,1,0,0,NA,NA,NCBI,author variant,NA
Gaga purpusii (T.Reeves) F.W.Li & Windham,Gaga purpusii (T. Reeves) Fay W. Li & Windham,accepted,TRUE,5,1,0,0,NA,NA,NCBI,author variant,NA
Gleichenia laevissima H.Christ,Gleichenia laevissima Christ,synonym,TRUE,2,1,0,0,NA,NA,NCBI,author variant,NA
Goniophlebium amoenum (Wall. ex Mett.) Bedd.,Goniophlebium amoenum (Wall. ex Mett.) J. Sm. ex Bedd.,synonym,TRUE,10,1,0,0,NA,NA,NCBI,author variant,NA
Goniopteris sclerophylla (Poepp. ex Spreng.) Wherry,Goniopteris sclerophylla (Poepp. ex Spreng.) Pic. Serm.,accepted,TRUE,8,1,0,0,NA,NA,NCBI,author variant,NA
Goniopteris vivipara (Raddi) C.F.Reed,Goniopteris vivipara (Raddi) Brade,synonym,TRUE,7,1,0,0,NA,NA,NCBI,author variant,NA
Gymnosphaera phlebodes (Lehnert & Coritico) S.Y.Ng,Gymnosphaera phlebodes (Lehnert & Coritico) S. Y. Dong,synonym,TRUE,5,1,0,0,NA,NA,NCBI,author variant,NA
Hemionitis arifolia (Burm.f.) T.Moore,Hemionitis arifolia (Burm. fil.) Moore,synonym,TRUE,5,1,0,0,NA,NA,NCBI,author variant,NA
Hiya brooksiae (Alderw.) Hui Shang,Hiya brooksiae (Alderw.) H. Shang,accepted,TRUE,2,1,0,0,NA,NA,NCBI,author variant,NA
Hiya nigrescens (Hook.) Hui Shang,Hiya nigrescens (Hook.) H. Shang,accepted,TRUE,2,1,0,0,NA,NA,NCBI,author variant,NA
"Hymenasplenium quangnamense Li Bing Zhang, K.W.Xu & Liang Zhan","Hymenasplenium quangnamense Li Bing Zhang, K. W. Xu & Liang Zhang",accepted,TRUE,3,1,0,0,NA,NA,NCBI,author variant,NA
Hymenophyllum armstrongii (Baker) Kirk,Hymenophyllum armstrongii (Baker) Kuhn,accepted,TRUE,3,1,0,0,NA,NA,NCBI,author variant,NA
Hymenophyllum corrugatum H.Christ,Hymenophyllum corrugatum Christ,accepted,TRUE,2,1,0,0,NA,NA,NCBI,author variant,NA
Hymenophyllum devolii Lai,Hymenophyllum devolii M. J. Lai,accepted,TRUE,6,1,0,0,NA,NA,NCBI,author variant,NA
Hymenophyllum fragile (Hedw.) C.V.Morton,Hymenophyllum fragile (Hedw.) Morton,accepted,TRUE,4,1,0,0,NA,NA,NCBI,author variant,NA
Hymenophyllum javanicum A.Spreng.,Hymenophyllum javanicum Spreng.,accepted,TRUE,2,1,0,0,NA,NA,NCBI,author variant,NA
Hymenophyllum lyallii Hook.f.,Hymenophyllum lyallii Hook. fil.,accepted,TRUE,3,1,0,0,NA,NA,NCBI,author variant,NA
Hymenophyllum nitidulum (Bosch) Ebihara et K.Iwats.,Hymenophyllum nitidulum (Bosch) Ebihara & K. Iwats.,accepted,TRUE,3,1,0,0,NA,NA,NCBI,author variant,NA
Hymenophyllum revolutum Col.,Hymenophyllum revolutum Colenso,accepted,TRUE,4,1,0,0,NA,NA,NCBI,author variant,NA
Hypolepis muelleri N.A.Wakef.,Hypolepis muelleri Wakef.,accepted,TRUE,4,1,0,0,NA,NA,NCBI,author variant,NA
"Hypolepis stolonifera var. delasotae Arana, E.Yañez & Schwartsb.","Hypolepis stolonifera var. delasotae Arana, Yañez & Schwartsb.",accepted,TRUE,4,1,0,0,NA,NA,NCBI,author variant,NA
Hypolepis viscosa H.Karst.,Hypolepis viscosa (H. Karst.) Mett.,accepted,TRUE,9,1,0,0,NA,NA,NCBI,author variant,NA
Lastreopsis pacifica Tindale,Lastreopsis pacifica Tind.,synonym,TRUE,3,1,0,0,NA,NA,NCBI,author variant,NA
Lecanopteris spinosa Jermy & T.G.Walker,Lecanopteris spinosa Jermy & T. Walker,accepted,TRUE,2,1,0,0,NA,NA,NCBI,author variant,NA
Lepisorus bampsii (Pic.Serm.) M.J.Zink,Lepisorus bampsii (Pic. Serm.) Zink,synonym,TRUE,5,1,0,0,NA,NA,NCBI,author variant,NA
Lepisorus elegans Ching ex W.M.Chu,Lepisorus elegans Ching & W. M. Chu,accepted,TRUE,4,1,0,0,NA,NA,NCBI,author variant,NA
Lepisorus medogensis Ching & Y.X.Ling,Lepisorus medogensis Ching & Y. X. Lin,accepted,TRUE,3,1,0,0,NA,NA,NCBI,author variant,NA
Lepisorus mikawanus Sa.Kurata,Lepisorus mikawanus Kurata,accepted,TRUE,3,1,0,0,NA,NA,NCBI,author variant,NA
Lepisorus subsessilis Ching ex Y.X.Lin,Lepisorus subsessilis Ching & Y. X. Lin,accepted,TRUE,4,1,0,0,NA,NA,NCBI,author variant,NA
Leptochilus shintenensis (Hayata) X.C.Zhang & Noot.,Leptochilus ×  shintenensis (Hayata) X. C. Zhang & Noot.,synonym,TRUE,5,1,0,0,NA,NA,NCBI,author variant,NA
Leptopteris wilkesiana (Brack.) H.Christ,Leptopteris wilkesiana (Brack.) Christ,accepted,TRUE,2,1,0,0,NA,NA,NCBI,author variant,NA
Leucostegia immersa Wall. ex C.Presl,Leucostegia immersa (Wall. ex Hook.) C. Presl,synonym,TRUE,9,1,0,0,NA,NA,NCBI,author variant,NA
Lindsaea azurea H.Christ,Lindsaea azurea Christ,accepted,TRUE,2,1,0,0,NA,NA,NCBI,author variant,NA
Lindsaea bouillodii H.Christ,Lindsaea bouillodii Christ,accepted,TRUE,2,1,0,0,NA,NA,NCBI,author variant,NA
Lindsaea cambodgensis H.Christ,Lindsaea cambodgensis Christ,accepted,TRUE,2,1,0,0,NA,NA,NCBI,author variant,NA
Lindsaea harveyi Carr. ex Seem.,Lindsaea harveyi Carruth.,accepted,TRUE,9,1,0,0,NA,NA,NCBI,author variant,NA
Lindsaea kawabatae Sa.Kurata,Lindsaea kawabatae Kurata,accepted,TRUE,3,1,0,0,NA,NA,NCBI,author variant,NA
Lindsaea pellaeiformis H.Christ,Lindsaea pellaeiformis Christ,accepted,TRUE,2,1,0,0,NA,NA,NCBI,author variant,NA
Lindsaea schizophylla H.Christ,Lindsaea schizophylla (Baker) Christ,accepted,TRUE,8,1,0,0,NA,NA,NCBI,author variant,NA
Loxogramme duclouxii H.Christ,Loxogramme duclouxii Christ,synonym,TRUE,2,1,0,0,NA,NA,NCBI,author variant,NA
Lygodium micans J.W.Sturm,Lygodium micans Sturm,synonym,TRUE,4,1,0,0,NA,NA,NCBI,author variant,NA
Marsilea botryocarpa F.Ballard,Marsilea botryocarpa Ballard,accepted,TRUE,2,1,0,0,NA,NA,NCBI,author variant,NA
Marsilea tenuifolia Engelm. ex Kunze,Marsilea tenuifolia Engelm. apud Kunze,synonym,TRUE,4,1,0,0,NA,NA,NCBI,author variant,NA
Matteuccia struthiopteris var. pensylvanica (Willd.) C.V.Morton,Matteuccia struthiopteris var. pensylvanica (Willd.) Morton,accepted,TRUE,4,1,0,0,NA,NA,NCBI,author variant,NA
Meniscium longifolium Desv.,Meniscium longifolium Fée,accepted,TRUE,5,1,0,0,NA,NA,NCBI,author variant,NA
Metaxya contamanensis Tuomisto & G.G.Cardenas,Metaxya contamanensis Tuomisto & Cárdenas,accepted,TRUE,5,1,0,0,NA,NA,NCBI,author variant,NA
Metaxya elongata Tuomisto & G.G.Cardenas,Metaxya elongata Tuomisto & Cárdenas,accepted,TRUE,5,1,0,0,NA,NA,NCBI,author variant,NA
Metaxya scalaris Tuomisto & G.G.Cardenas,Metaxya scalaris Tuomisto & Cárdenas,accepted,TRUE,5,1,0,0,NA,NA,NCBI,author variant,NA
Microlepia izu-peninsulae Sa.Kurata,Microlepia izu-peninsulae Kurata,accepted,TRUE,3,1,0,0,NA,NA,NCBI,author variant,NA
Microlepia speluncae (L.) T.Moore,Microlepia speluncae (L.) Moore,accepted,TRUE,2,1,0,0,NA,NA,NCBI,author variant,NA
Microsorum glossophyllum (Copel.) Copel.. 1947,Microsorum glossophyllum (Copel.) Copel.,accepted,TRUE,6,1,0,0,NA,NA,NCBI,author variant,NA
Monachosorum arakii Tagawa,Monachosorum ×  arakii Tagawa,accepted,TRUE,3,1,0,0,NA,NA,NCBI,author variant,NA
Monachosorum flagellare (Makino) Hayata,Monachosorum ×  flagellare (Makino) Hayata,accepted,TRUE,3,1,0,0,NA,NA,NCBI,author variant,NA
Mycopteris subtilis (Kunze ex Klotzsch) Sundu,Mycopteris subtilis (Kunze ex Klotzsch) Sundue,accepted,TRUE,1,1,0,0,NA,NA,NCBI,author variant,NA
Myriopteris covillei (Maxon) A.Love & D.Love,Myriopteris covillei (Maxon) Á. & D. Löve,accepted,TRUE,7,1,0,0,NA,NA,NCBI,author variant,NA
Neocheiropteris palmatopedata (Baker) H.Christ,Neocheiropteris palmatopedata (Baker) Christ,synonym,TRUE,2,1,0,0,NA,NA,NCBI,author variant,NA
Nephrolepis acutifolia (Desv.) H.Christ,Nephrolepis acutifolia (Desv.) Christ,accepted,TRUE,2,1,0,0,NA,NA,NCBI,author variant,NA
Notholaena affinis (Mett.) Moore,Notholaena affinis (Mett.) T. Moore,accepted,TRUE,3,1,0,0,NA,NA,NCBI,author variant,NA
Notholaena trichomanoides (L.) Desv.,Notholaena trichomanoides (L.) R. Br.,accepted,TRUE,5,1,0,0,NA,NA,NCBI,author variant,NA
Odontosoria africana F.Ballard,Odontosoria africana Ballard,accepted,TRUE,2,1,0,0,NA,NA,NCBI,author variant,NA
Oleandra distenta Kunz,Oleandra distenta Kunze,accepted,TRUE,1,1,0,0,NA,NA,NCBI,author variant,NA
"Ophioglossum aletum Patel, Reddy & Goswami","Ophioglossum aletum M. Patel, M. N. Reddy & H. K. Goswami",synonym,TRUE,15,1,0,0,NA,NA,NCBI,author variant,NA
Ophioglossum nudicaule L.f.,Ophioglossum nudicaule Thunb.,ambiguous synonym,TRUE,5,1,0,0,NA,NA,NCBI,author variant,NA
Ophioglossum pycnostichum (Fernald) A.Love & D.Love,Ophioglossum pycnostichum (Fernald) Á. & D. Löve,synonym,TRUE,7,1,0,0,NA,NA,NCBI,author variant,NA
Osmunda mildei C.Chr.,Osmunda ×  mildei C. Chr.,accepted,TRUE,4,1,0,0,NA,NA,NCBI,author variant,NA
Pecluma chnoophora (Kunze) Salino & Costa Assis,Pecluma chnoophora (Kunze) Salino & F. C. Assis,accepted,TRUE,5,1,0,0,NA,NA,NCBI,author variant,NA
Pellaea glabella subsp. simplex (Butters) A.Love & D.Love,Pellaea glabella subsp. simplex (Butters) Á. & D. Löve,accepted,TRUE,7,1,0,0,NA,NA,NCBI,author variant,NA
"Pentagramma pallida (Weath.) Yatsk., Windham & E.Wollenw.","Pentagramma pallida (Weath.) Yatsk., Windham & Wollenw.",accepted,TRUE,2,1,0,0,NA,NA,NCBI,author variant,NA
"Pentagramma triangularis (Kaulf.) Yatsk., Windham & E.Wollenw.","Pentagramma triangularis (Kaulf.) Yatsk., Windham & Wollenw.",accepted,TRUE,2,1,0,0,NA,NA,NCBI,author variant,NA
Phegopteris keraudreniana (Gaudich.) H.Mann,Phegopteris keraudreniana (Gaudich.) Mann,accepted,TRUE,2,1,0,0,NA,NA,NCBI,author variant,NA
Pilularia minuta Durieu,Pilularia minuta Durand,accepted,TRUE,3,1,0,0,NA,NA,NCBI,author variant,NA
Plagiogyria adnata var. yakushimensis (K.Sato) K.Iwats.,Plagiogyria adnata var. yakushimensis (K. Satô) Tagawa,synonym,TRUE,9,1,0,0,NA,NA,NCBI,author variant,NA
Platycerium willinckii T.Moore,Platycerium willinckii Moore,synonym,TRUE,2,1,0,0,NA,NA,NCBI,author variant,NA
Pleocnemia cumingiana C.Pres,Pleocnemia cumingiana C. Presl,accepted,TRUE,2,1,0,0,NA,NA,NCBI,author variant,NA
Pleopeltis polypodioides var. michauxiana (Weath.) E.B.Andrews & Windham,Pleopeltis polypodioides var. michauxiana (Weath.) E. G. Andrews & Windham,synonym,TRUE,3,1,0,0,NA,NA,NCBI,author variant,NA
Polypodium macaronesicum A.E.Bobrov,Polypodium macaronesicum Bobrov,accepted,TRUE,4,1,0,0,NA,NA,NCBI,author variant,NA
"Polypodium polycarpon Cav., non Sw.",Polypodium polycarpon Cav. ex Sw.,ambiguous synonym,TRUE,4,1,0,0,NA,NA,NCBI,author variant,NA
Polystichopsis chaerophylloides (Poir.) C.V.Morton,Polystichopsis chaerophylloides (Poir.) Morton,accepted,TRUE,4,1,0,0,NA,NA,NCBI,author variant,NA
Polystichopsis pubescens (L.) C.V.Morton,Polystichopsis pubescens (L.) Morton,accepted,TRUE,4,1,0,0,NA,NA,NCBI,author variant,NA
Polystichum balansae H.Christ,Polystichum balansae Christ,accepted,TRUE,2,1,0,0,NA,NA,NCBI,author variant,NA
Polystichum biaristatum (Blume) T.Moore,Polystichum biaristatum (Blume) Moore,accepted,TRUE,2,1,0,0,NA,NA,NCBI,author variant,NA
Polystichum braunii subsp. kamtschaticum (C.Chr. & Hulten) A.Love & D.Love,Polystichum braunii subsp. kamtschaticum (C. Chr. & Hultén) Á. & D. Löve,synonym,TRUE,9,1,0,0,NA,NA,NCBI,author variant,NA
Polystichum castaneum (C.B.Clarke) B.K.Nayar & S.Kaur,Polystichum castaneum (C. B. Clarke) B. K. Nayar & Kaur,synonym,TRUE,6,1,0,0,NA,NA,NCBI,author variant,NA
Polystichum frigidicola H.S.Kung & Li Bing Zhang,Polystichum frigidicola H. S. Kung & L. B. Zhang,synonym,TRUE,6,1,0,0,NA,NA,NCBI,author variant,NA
Polystichum multifidum (Mett.) T.Moore,Polystichum multifidum (Mett.) Moore,accepted,TRUE,2,1,0,0,NA,NA,NCBI,author variant,NA
Polystichum obliquum (D.Don) T.Moore,Polystichum obliquum (D. Don) Moore,accepted,TRUE,3,1,0,0,NA,NA,NCBI,author variant,NA
Polystichum ohmurae Sa.Kurata,Polystichum ohmurae Kurata,accepted,TRUE,3,1,0,0,NA,NA,NCBI,author variant,NA
Polystichum omeiense,Polystichum omeiense C. Chr.,synonym,TRUE,8,1,0,0,NA,NA,NCBI,author variant,NA
Polystichum otomasui Sa.Kurata,Polystichum otomasui Kurata,accepted,TRUE,3,1,0,0,NA,NA,NCBI,author variant,NA
Polystichum pallidum Gardner,Polystichum pallidum (Bory) Tod.,ambiguous synonym,TRUE,10,1,0,0,NA,NA,NCBI,author variant,NA
Polystichum prescottianum (Wall. ex Mett.) T.Moore,Polystichum prescottianum (Wall. ex Mett.) Moore,accepted,TRUE,2,1,0,0,NA,NA,NCBI,author variant,NA
Polystichum pycnolepis (Kunze ex Klotzsch) T.Moore,Polystichum pycnolepis (Kunze ex Klotzsch) Moore,accepted,TRUE,2,1,0,0,NA,NA,NCBI,author variant,NA
Polystichum rapense E.Brown,Polystichum rapense E. D. Br.,accepted,TRUE,7,1,0,0,NA,NA,NCBI,author variant,NA
Polystichum shimurae Kurata ex Seriz.,Polystichum shimurae Sa. Kurata ex Seriz.,accepted,TRUE,4,1,0,0,NA,NA,NCBI,author variant,NA
Polystichum sinotsus-simense Ching & Zheng Y.Liu,Polystichum sinotsus-simense Ching & Z. Y. Liu,accepted,TRUE,5,1,0,0,NA,NA,NCBI,author variant,NA
Polystichum tacticopterum (Kunze) T.Moore,Polystichum tacticopterum (Kunze) Moore,synonym,TRUE,2,1,0,0,NA,NA,NCBI,author variant,NA
Polystichum tagawanum Sa.Kurata,Polystichum tagawanum Kurata,accepted,TRUE,3,1,0,0,NA,NA,NCBI,author variant,NA
Polystichum weimingii Li Bing Zhang & H.He,Polystichum weimingii L. B. Zhang & H. He,accepted,TRUE,5,1,0,0,NA,NA,NCBI,author variant,NA
Prosaptia pectinata T.Moore,Prosaptia pectinata Moore,accepted,TRUE,2,1,0,0,NA,NA,NCBI,author variant,NA
"Pteridium aquilinum subsp. feei (W.Schaffn. ex Fee) J.A.Thomson, Mickel & Mehltreter","Pteridium aquilinum subsp. feei (W. Schaffn. ex Fée) J. A. Thomson, Mickel & Mehltr.",accepted,TRUE,8,1,0,0,NA,NA,NCBI,author variant,NA
Pteridium aquilinum subsp. japonicum (Nakai) A.Love & D.Love,Pteridium aquilinum subsp. japonicum (Nakai) Á. & D. Löve,accepted,TRUE,7,1,0,0,NA,NA,NCBI,author variant,NA
Pteridium aquilinum subsp. latiusculum (Desv.) Hultén,Pteridium aquilinum subsp. latiusculum (Desv.) C. N. Page,synonym,TRUE,10,1,0,0,NA,NA,NCBI,author variant,NA
Pteris argyraea T.Moore,Pteris argyraea Moore,accepted,TRUE,2,1,0,0,NA,NA,NCBI,author variant,NA
Pteris buchananii Sim,Pteris buchananii Baker,accepted,TRUE,5,1,0,0,NA,NA,NCBI,author variant,NA
Pteris ciliaris D.C.Eaton,Pteris ciliaris Eaton,accepted,TRUE,4,1,0,0,NA,NA,NCBI,author variant,NA
Pteris ensiformis Burm.f.,Pteris ensiformis Burm.,accepted,TRUE,2,1,0,0,NA,NA,NCBI,author variant,NA
Pteris kawabatae Sa.Kurata,Pteris kawabatae Kurata,accepted,TRUE,3,1,0,0,NA,NA,NCBI,author variant,NA
Pteris kidoi Sa.Kurata,Pteris kidoi Kurata,accepted,TRUE,3,1,0,0,NA,NA,NCBI,author variant,NA
"Pteris langsonensis Li Bing Zhang, Liang Zhang & N.T.Lu","Pteris langsonensis L. B. Zhang, Liang Zhang & N. T. Lu",accepted,TRUE,6,1,0,0,NA,NA,NCBI,author variant,NA
Pteris laurisilvicola Sa.Kurata,Pteris laurisilvicola Kurata,accepted,TRUE,3,1,0,0,NA,NA,NCBI,author variant,NA
Pteris litoralis Rech.f.,Pteris litoralis Rech.,accepted,TRUE,2,1,0,0,NA,NA,NCBI,author variant,NA
Pteris satsumana Sa.Kurata,Pteris satsumana Kurata,accepted,TRUE,3,1,0,0,NA,NA,NCBI,author variant,NA
Pteris scabra Bory & Willd.,Pteris scabra Bory ex Willd.,accepted,TRUE,2,1,0,0,NA,NA,NCBI,author variant,NA
Pteris stenophylla C.Presl,Pteris stenophylla Link,ambiguous synonym,TRUE,7,1,0,0,NA,NA,NCBI,author variant,NA
Pteris xiaoyingiae H.He & Li Bing Zhang,Pteris xiaoyingiae H. He & L. B. Zhang,accepted,TRUE,5,1,0,0,NA,NA,NCBI,author variant,NA
Pteris yakuinsularis Sa.Kurata,Pteris yakuinsularis Kurata,accepted,TRUE,3,1,0,0,NA,NA,NCBI,author variant,NA
Pyrrosia ensata Ching ex K.H.Shing,Pyrrosia ensata Ching & K. H. Shing,accepted,TRUE,4,1,0,0,NA,NA,NCBI,author variant,NA
Pyrrosia lanceolata (L.) Farwell,Pyrrosia lanceolata (L.) Farw.,accepted,TRUE,3,1,0,0,NA,NA,NCBI,author variant,NA
Pyrrosia piloselloides (L.) M.Price,Pyrrosia piloselloides (L.) M. G. Price,accepted,TRUE,4,1,0,0,NA,NA,NCBI,author variant,NA
Salvinia molesta D.S. Mitch.,Salvinia ×  molesta D. S. Mitch.,accepted,TRUE,4,1,0,0,NA,NA,NCBI,author variant,NA
Salvinia oblongifolia Martius,Salvinia oblongifolia Mart.,accepted,TRUE,3,1,0,0,NA,NA,NCBI,author variant,NA
Schizaea dichotoma (L.) J.Sm.,Schizaea dichotoma Kunze,ambiguous synonym,TRUE,10,1,0,0,NA,NA,NCBI,author variant,NA
Schizaea poeppigiana J.W.Sturm,Schizaea poeppigiana Sturm,accepted,TRUE,4,1,0,0,NA,NA,NCBI,author variant,NA
Schizoloma propinquum (Hook.) T.Moore,Schizoloma propinquum Moore,synonym,TRUE,10,1,0,0,NA,NA,NCBI,author variant,NA
Selliguea triloba (Houtt.) ex M.G.Price,Selliguea triloba (Houtt.) M. G. Price,accepted,TRUE,5,1,0,0,NA,NA,NCBI,author variant,NA
Stenochlaena tenuifolia (Desv.) T.Moore,Stenochlaena tenuifolia (Desv.) Moore,accepted,TRUE,2,1,0,0,NA,NA,NCBI,author variant,NA
Sticherus tahitensis (Copel.) St.John,Sticherus tahitensis (Copel.) H. St. John,accepted,TRUE,4,1,0,0,NA,NA,NCBI,author variant,NA
Struthiopteris spicant (L.) F.W.Weiss,Struthiopteris spicant (L.) Weiss,accepted,TRUE,4,1,0,0,NA,NA,NCBI,author variant,NA
Tectaria marchionica E.D.Brown,Tectaria marchionica E. D. Br.,accepted,TRUE,5,1,0,0,NA,NA,NCBI,author variant,NA
Tmesipteris elongata Danguy,Tmesipteris elongata P. A. Dang.,accepted,TRUE,8,1,0,0,NA,NA,NCBI,author variant,NA
Todea barbara (L.) T.Moore,Todea barbara (L.) Moore,accepted,TRUE,2,1,0,0,NA,NA,NCBI,author variant,NA
Trichomanes accedens J.Presl,Trichomanes accedens C. Presl,accepted,TRUE,2,1,0,0,NA,NA,NCBI,author variant,NA
Trichomanes bimarginatum,Trichomanes bimarginatum Bedd.,ambiguous synonym,TRUE,6,1,0,0,NA,NA,NCBI,author variant,NA
Trichomanes madagascariense (Bosch) T.Moore,Trichomanes madagascariense (Bosch) Moore,accepted,TRUE,2,1,0,0,NA,NA,NCBI,author variant,NA
Trichomanes osmundoides Poir.,Trichomanes osmundoides DC. ex Poir.,accepted,TRUE,7,1,0,0,NA,NA,NCBI,author variant,NA
Vandenboschia radicans type I,Vandenboschia radicans (Sw.) Copel.,accepted,TRUE,10,1,0,0,NA,NA,NCBI,author variant,NA
Vandenboschia radicans type I',Vandenboschia radicans (Sw.) Copel.,accepted,TRUE,11,1,0,0,NA,NA,NCBI,author variant,NA
Vandenboschia radicans type II,Vandenboschia radicans (Sw.) Copel.,accepted,TRUE,11,1,0,0,NA,NA,NCBI,author variant,NA
Vandenboschia radicans type IV,Vandenboschia radicans (Sw.) Copel.,accepted,TRUE,11,1,0,0,NA,NA,NCBI,author variant,NA
Vittaria dimorpha Muell.Berol.,Vittaria dimorpha Müll. Berol.,synonym,TRUE,3,1,0,0,NA,NA,NCBI,author variant,NA
Woodsia andersonii (Bedd.) H.Christ,Woodsia andersonii (Bedd.) Christ,accepted,TRUE,2,1,0,0,NA,NA,NCBI,author variant,NA
Woodwardia fimbriata Sm.,Woodwardia fimbriata J. E. Sm.,accepted,TRUE,6,1,0,0,NA,NA,NCBI,author variant,NA
x Lindsaeosoria flynnii W.H.Wagner,Lindsaeosoria ×  flynnii W. H. Wagner,accepted,TRUE,7,1,0,0,NA,NA,NCBI,author variant,NA