query,matched_name,matched_status,query_match_taxon_agree,use_query_as_synonym,use_query_as_accepted,use_query_as_new,namePublishedIn,nameAccordingTo,taxonRemarks,notes
Adenophorus haaliloanus (Brack.) K.A.Wilson,Adenophorus haalilioanus (Brack.) K. A. Wilson,accepted,FALSE,0,0,0,NA,NA,spelling mistake in species name,NA
Adiantopsis tweediana (Hook.) Link-Perez & Hickey,Adiantopsis tweedieana (Hook.) Link-Pérez & Hickey,accepted,FALSE,0,0,0,NA,NA,spelling mistake in species name,NA
Adiantum comorense (Tardieu) Verdc.,Adiantum comoroense (Tardieu) Verdc.,accepted,FALSE,0,0,0,NA,NA,spelling mistake in species name,NA
Adiantum dentatum A.H.Wang & F.G.Wang & F.W.Xing,"Adiantum obovatum A. H. Wang, F. G. Wang & F. W. Xing",accepted,FALSE,0,0,0,NA,NA,spelling mistake in species name,NA
Adiantum digitatum Hook.,Adiantum emarginatum Hook.,ambiguous synonym,FALSE,0,0,0,NA,NA,spelling mistake in species name,NA
Adiantum obovatum A.H.Wang & F.G.Wang & F.W.Xing,"Adiantum dentatum A. H. Wang, F. G. Wang & F. W. Xing",accepted,FALSE,0,0,0,NA,NA,spelling mistake in species name,NA
Alsophila weidenbrueckiae Lehnert,Alsophila weidenbrueckii Lehnert,accepted,FALSE,0,0,0,NA,NA,spelling mistake in species name,NA
Anemia muenchii Christ,Anemia munchii Christ,accepted,FALSE,0,0,0,NA,NA,spelling mistake in species name,NA
Anemia phyllitidis var. tweedieana Hassl.,Anemia phyllitidis var. tweediana (Hook.) Hassl.,accepted,FALSE,0,0,0,NA,NA,spelling mistake in species name,NA
Arachniodes coadnata (Ching) Nakaike,Arachniodes coadunata (Ching) Nakaike,synonym,FALSE,0,0,0,NA,NA,spelling mistake in species name,NA
Arachniodes davalliiformis (H.Christ) Nakaike,Arachniodes davalliaeformis (Christ) Nakaike,accepted,FALSE,0,0,0,NA,NA,spelling mistake in species name,NA
Arachniodes dimorphophylla (Hayata) Ching,Arachniodes dimorphophyllum (Hayata) Ching,synonym,FALSE,0,0,0,NA,NA,spelling mistake in species name,NA
Arachniodes fujianensis Ching,Arachniodes hunanensis Ching,accepted,FALSE,0,0,0,NA,NA,spelling mistake in species name,NA
Arachniodes fujianensis Ching,Arachniodes baiseensis Ching,synonym,FALSE,0,0,0,NA,NA,spelling mistake in species name,NA
Arachniodes fujianensis Ching,Arachniodes lushanensis Ching,synonym,FALSE,0,0,0,NA,NA,spelling mistake in species name,NA
Arachniodes fujianensis Ching,Arachniodes maoshanensis Ching,synonym,FALSE,0,0,0,NA,NA,spelling mistake in species name,NA
Arachniodes fujianensis Ching,Arachniodes gijiangensis Ching,synonym,FALSE,0,0,0,NA,NA,spelling mistake in species name,NA
Arachniodes fujianensis Ching,Arachniodes fujiangensis Ching,synonym,FALSE,0,0,0,NA,NA,spelling mistake in species name,NA
Arachniodes fujianensis Ching,Arachniodes jiangxiensis Ching,synonym,FALSE,0,0,0,NA,NA,spelling mistake in species name,NA
Arachniodes fujianensis Ching,Arachniodes yunnanensis Ching,synonym,FALSE,0,0,0,NA,NA,spelling mistake in species name,NA
Arachniodes fujianensis Ching,Arachniodes sichuanensis Ching,synonym,FALSE,0,0,0,NA,NA,spelling mistake in species name,NA
Arachniodes fujianensis Ching,Arachniodes guanxianensis Ching,synonym,FALSE,0,0,0,NA,NA,spelling mistake in species name,NA
Arachniodes fujianensis Ching,Arachniodes heyuanensis Ching,synonym,FALSE,0,0,0,NA,NA,spelling mistake in species name,NA
Arachniodes fujianensis Ching,Arachniodes yinjiangensis Ching,synonym,FALSE,0,0,0,NA,NA,spelling mistake in species name,NA
Arachniodes fujianensis Ching,Arachniodes gizushanensis Ching,synonym,FALSE,0,0,0,NA,NA,spelling mistake in species name,NA
Arachniodes fujianensis Ching,Arachniodes pianmaensis Ching,synonym,FALSE,0,0,0,NA,NA,spelling mistake in species name,NA
Arachniodes fujianensis Ching,Arachniodes emeiensis Ching,synonym,FALSE,0,0,0,NA,NA,spelling mistake in species name,NA
Arachniodes hekiana Sa.Kurata,Arachniodes hiugana Sa. Kurata,accepted,FALSE,0,0,0,NA,NA,spelling mistake in species name,NA
Arachniodes oohorae H.Ito,Arachniodes oosorae H. Itô,accepted,FALSE,0,0,0,NA,NA,spelling mistake in species name,NA
Arachniodes ziyunshanensis Y.T.Hsieh,Arachniodes nibashanensis Y. T. Hsieh,synonym,FALSE,0,0,0,NA,NA,spelling mistake in species name,NA
Arachniodes ziyunshanensis Y.T.Hsieh,Arachniodes futeshanensis Y. T. Hsieh,synonym,FALSE,0,0,0,NA,NA,spelling mistake in species name,NA
Asplenium actinopteroides Peter,Asplenium actiniopteroides Peter,accepted,FALSE,0,0,0,NA,NA,spelling mistake in species name,NA
Asplenium annobonense Viane,Asplenium morogorense Viane,synonym,FALSE,0,0,0,NA,NA,spelling mistake in species name,NA
Asplenium carnarvonense Brownsey,Asplenium carnavonense Brownsey,accepted,FALSE,0,0,0,NA,NA,spelling mistake in species name,NA
Asplenium decorum Kuntze,Asplenium dichroum Kunze,synonym,FALSE,0,0,0,NA,NA,spelling mistake in species name,NA
Asplenium decorum Kuntze,Asplenium dimorphum Kunze,accepted,FALSE,0,0,0,NA,NA,spelling mistake in species name,NA
Asplenium fissum Kit. ex Willd.,Asplenium obtusum Kit. ex Willd.,ambiguous synonym,FALSE,0,0,0,NA,NA,spelling mistake in species name,NA
Asplenium foresiense Legrand,Asplenium forisiense Grand,synonym,FALSE,0,0,0,NA,NA,spelling mistake in species name,NA
Asplenium formosae H.Christ,Asplenium comosum Christ,accepted,FALSE,0,0,0,NA,NA,spelling mistake in species name,NA
Asplenium loriceum H.Christ,Asplenium loherianum Christ,synonym,FALSE,0,0,0,NA,NA,spelling mistake in species name,NA
Asplenium loriceum H.Christ,Asplenium lomariaceum Christ,synonym,FALSE,0,0,0,NA,NA,spelling mistake in species name,NA
Asplenium lyallii T.Moore,Asplenium aitonii T. Moore,synonym,FALSE,0,0,0,NA,NA,spelling mistake in species name,NA
Asplenium lyallii T.Moore,Asplenium hallii Hook.,accepted,FALSE,0,0,0,NA,NA,spelling mistake in species name,NA
Asplenium lyallii T.Moore,Asplenium pappei T. Moore,synonym,FALSE,0,0,0,NA,NA,spelling mistake in species name,NA
Asplenium lyallii T.Moore,Asplenium kraussii T. Moore,synonym,FALSE,0,0,0,NA,NA,spelling mistake in species name,NA
Asplenium neolaserpitiifolium Tardieu & Ching,Asplenium neolaserpitifolium Tardieu & Ching,accepted,FALSE,0,0,0,NA,NA,spelling mistake in species name,NA
Asplenium nitidum Mett.,Asplenium alienum Mett.,synonym,FALSE,0,0,0,NA,NA,spelling mistake in species name,NA
Asplenium nitidum Mett.,Asplenium salignum Mett.,ambiguous synonym,FALSE,0,0,0,NA,NA,spelling mistake in species name,NA
Asplenium nitidum Mett.,Asplenium cristatum Mett.,ambiguous synonym,FALSE,0,0,0,NA,NA,spelling mistake in species name,NA
Asplenium nitidum Mett.,Asplenium dubium Mett.,ambiguous synonym,FALSE,0,0,0,NA,NA,spelling mistake in species name,NA
Asplenium nitidum Mett.,Asplenium donianum Mett.,synonym,FALSE,0,0,0,NA,NA,spelling mistake in species name,NA
Asplenium nitidum Mett.,Asplenium vastum Mett.,synonym,FALSE,0,0,0,NA,NA,spelling mistake in species name,NA
Asplenium nitidum Mett.,Asplenium niponicum Mett.,synonym,FALSE,0,0,0,NA,NA,spelling mistake in species name,NA
Asplenium nitidum Mett.,Asplenium nervosum Mett.,synonym,FALSE,0,0,0,NA,NA,spelling mistake in species name,NA
Asplenium nitidum Mett.,Asplenium striatum Mett.,ambiguous synonym,FALSE,0,0,0,NA,NA,spelling mistake in species name,NA
Asplenium nitidum Mett.,Asplenium obtusum Mett.,ambiguous synonym,FALSE,0,0,0,NA,NA,spelling mistake in species name,NA
Asplenium nitidum Mett.,Asplenium rigidum Sw.,synonym,FALSE,0,0,0,NA,NA,spelling mistake in species name,NA
Asplenium oblongifolium Col.,Asplenium longifolium D. Don,synonym,FALSE,0,0,0,NA,NA,spelling mistake in species name,NA
Asplenium oldhami Hance,Asplenium oldhamii Hance,accepted,FALSE,0,0,0,NA,NA,spelling mistake in species name,NA
Asplenium pseudoerectum Hieron.,Asplenium pseuderectum Hieron.,accepted,FALSE,0,0,0,NA,NA,spelling mistake in species name,NA
Asplenium richardii Hook.f.,Asplenium wardii Hook.,synonym,FALSE,0,0,0,NA,NA,spelling mistake in species name,NA
Asplenium scleropium Homb. & Jacq.,Asplenium scleroprium Hombr. & Jacq.,accepted,FALSE,0,0,0,NA,NA,spelling mistake in species name,NA
Asplenium shikokianum Makino,Asplenium miyoshianum Makino,synonym,FALSE,0,0,0,NA,NA,spelling mistake in species name,NA
Asplenium trichomanes subsp. inexpectans Lovis,Asplenium trichomanes subsp. inexpectatum Lovis,accepted,FALSE,0,0,0,NA,NA,spelling mistake in species name,NA
Athyrium bourgaei E. Fourn.,Athyrium bourgeaui E. Fourn.,accepted,FALSE,0,0,0,NA,NA,spelling mistake in species name,NA
Athyrium myriomerum Christ,Athyrium myriopterum Christ,synonym,FALSE,0,0,0,NA,NA,spelling mistake in species name,NA
Blechnum chambersii Tindale,Blechnum camfieldii Tindale,synonym,FALSE,0,0,0,NA,NA,spelling mistake in species name,NA
Cephalomanes javanicum (Blume) Bosch,Cephalomanes javanica (Blume) Bosch,synonym,FALSE,0,0,0,NA,NA,spelling mistake in species name,NA
Ceratopteris pteridoides (Hook.) Hieron.,Ceratopteris pteridioides (Hook.) Hieron.,accepted,FALSE,0,0,0,NA,NA,spelling mistake in species name,NA
Cornopteris banahaoensis (C.Chr.) K.Iwats. & M.G.Price,Cornopteris banajaoensis (C. Chr.) K. Iwats. & M. G. Price,accepted,FALSE,0,0,0,NA,NA,spelling mistake in species name,NA
Crepidomanes schmidtianum var. latifrons (Bosch) K.Iwats.,Crepidomanes schmidianum var. latifrons (Bosch) K. Iwats.,accepted,FALSE,0,0,0,NA,NA,spelling mistake in species name,NA
Cyathea smithii Hook.f.,Cyathea kirkii Hook.,synonym,FALSE,0,0,0,NA,NA,spelling mistake in species name,NA
Cyclophorus taiwanensis (Christ) C.Chr.,Cyclophorus annamensis (Christ) C. Chr.,synonym,FALSE,0,0,0,NA,NA,spelling mistake in species name,NA
Cyclophorus taiwanensis (Christ) C.Chr.,Cyclophorus taiwanense (Christ) C. Chr.,synonym,FALSE,0,0,0,NA,NA,spelling mistake in species name,NA
Cyclosorus marquesicus (Holttum) Lorence & A.R.Sm.,Cyclosorus marquesicum (Holttum) Lorence & A. R. Sm.,synonym,FALSE,0,0,0,NA,NA,spelling mistake in species name,NA
Cyrtomium omeiense Ching & K.H.Shing,Cyrtomium kansuense Ching & K. H. Shing,synonym,FALSE,0,0,0,NA,NA,spelling mistake in species name,NA
Cyrtomium omeiense Ching & K.H.Shing,Cyrtomium hunanense Ching & K. H. Shing,synonym,FALSE,0,0,0,NA,NA,spelling mistake in species name,NA
Cyrtomium omeiense Ching & K.H.Shing,Cyrtomium mediocre Ching & K. H. Shing,synonym,FALSE,0,0,0,NA,NA,spelling mistake in species name,NA
Cyrtomium omeiense Ching & K.H.Shing,Cyrtomium moupingense Ching & K. H. Shing,synonym,FALSE,0,0,0,NA,NA,spelling mistake in species name,NA
Davallia tasmani Field,Davallia tasmanica Gand.,synonym,FALSE,0,0,0,NA,NA,spelling mistake in species name,NA
Davallodes gymnocarpa Copel.,Davallodes gymnocarpum Copel.,synonym,FALSE,0,0,0,NA,NA,spelling mistake in species name,NA
Davallodes hirsuta (J.Sm.) Copel.,Davallodes hirsutum (J. Sm.) Copel.,synonym,FALSE,0,0,0,NA,NA,spelling mistake in species name,NA
Deparia polyrhizon (Baker) Sledge,Deparia polyrhiza (Baker) Sledge,synonym,FALSE,0,0,0,NA,NA,spelling mistake in species name,NA
Dicksonia berteroana (Colla) Hook.,Dicksonia berteriana (Colla) Hook.,accepted,FALSE,0,0,0,NA,NA,spelling mistake in species name,NA
Dicksonia fibrosia Col.,Dicksonia fibrosa Colenso,accepted,FALSE,0,0,0,NA,NA,spelling mistake in species name,NA
Dicksonia lanata Col.,Dicksonia glabrata Ces.,synonym,FALSE,0,0,0,NA,NA,spelling mistake in species name,NA
Dicksonia perriei Noben & Lehnert,Dicksonia perrieri Noben & Lehnert,accepted,FALSE,0,0,0,NA,NA,spelling mistake in species name,NA
Didymoglossum krausii (Hook. & Grev.) C.Presl,Didymoglossum kraussii (Hook. & Grev.) C. Presl,accepted,FALSE,0,0,0,NA,NA,spelling mistake in species name,NA
Diplazium fauriei H.Christ,Diplazium acrotis Christ,synonym,FALSE,0,0,0,NA,NA,spelling mistake in species name,NA
Diplazium fauriei H.Christ,Diplazium aridum Christ,synonym,FALSE,0,0,0,NA,NA,spelling mistake in species name,NA
Diplazium okudairai Makino,Diplazium okudairae Makino,accepted,FALSE,0,0,0,NA,NA,spelling mistake in species name,NA
Diplazium petrii Tardieu,Diplazium petelotii Tardieu,synonym,FALSE,0,0,0,NA,NA,spelling mistake in species name,NA
Diplazium takii Sa.Kurata,Diplazium kidoi Kurata,accepted,FALSE,0,0,0,NA,NA,spelling mistake in species name,NA
Diplazium x okudairaeoides Sa.Kurata,Diplazium ×  okudairaioides Kurata,accepted,FALSE,0,0,0,NA,NA,spelling mistake in species name,NA
Doodia lyoni O.Deg.,Doodia lyonii O. Deg.,accepted,FALSE,0,0,0,NA,NA,spelling mistake in species name,NA
Dryopteris amurensis H.Christ,Dryopteris limonensis Christ,synonym,FALSE,0,0,0,NA,NA,spelling mistake in species name,NA
Dryopteris chichisimensis Nakai ex H.Ito,Dryopteris chichishimensis Nakai ex H. Itô,synonym,FALSE,0,0,0,NA,NA,spelling mistake in species name,NA
Dryopteris insularis var. chichisimensis (Nakai ex H.Ito) H.Ito,Dryopteris insularis var. chichishimensis (Nakai ex Itô) Itô,accepted,FALSE,0,0,0,NA,NA,spelling mistake in species name,NA
Dryopteris liankwangensis Ching,Dryopteris liangkwangensis Ching,accepted,FALSE,0,0,0,NA,NA,spelling mistake in species name,NA
Dryopteris liankwangensis Ching,Dryopteris likiangensis Ching,synonym,FALSE,0,0,0,NA,NA,spelling mistake in species name,NA
Dryopteris liankwangensis Ching,Dryopteris sanmingensis Ching,synonym,FALSE,0,0,0,NA,NA,spelling mistake in species name,NA
Dryopteris liankwangensis Ching,Dryopteris huanglungensis Ching,synonym,FALSE,0,0,0,NA,NA,spelling mistake in species name,NA
Dryopteris liankwangensis Ching,Dryopteris nakanensis Ching,synonym,FALSE,0,0,0,NA,NA,spelling mistake in species name,NA
Dryopteris sabae (Franch. & Sav.) C.Chr.,Dryopteris laxa (Franch. & Sav.) C. Chr.,synonym,FALSE,0,0,0,NA,NA,spelling mistake in species name,NA
Dryopteris saxifragivaria Nakai,Dryopteris ×  saxifragi-varia Nakai,accepted,FALSE,0,0,0,NA,NA,spelling mistake in species name,NA
Dryopteris sublacera H.Christ,Dryopteris subramosa Christ,synonym,FALSE,0,0,0,NA,NA,spelling mistake in species name,NA
Dryopteris transmorrisonensis (Hayata) Hayata,Dryopteris morrisonensis (Hayata) Hayata,synonym,FALSE,0,0,0,NA,NA,spelling mistake in species name,NA
Dryopteris tsutsuiana Sa.Kurata,Dryopteris ×  satsumana Kurata,accepted,FALSE,0,0,0,NA,NA,spelling mistake in species name,NA
Elaphoglossum backhousianum T.Moore,Elaphoglossum backhouseanum T. Moore,accepted,FALSE,0,0,0,NA,NA,spelling mistake in species name,NA
Elaphoglossum dendricola (Baker) Christ,Elaphoglossum dendricolum (Baker) Christ,accepted,FALSE,0,0,0,NA,NA,spelling mistake in species name,NA
Elaphoglossum herminieri (Bory & Fee) T.Moore,Elaphoglossum lherminieri (Bory ex Fée) T. Moore,accepted,FALSE,0,0,0,NA,NA,spelling mistake in species name,NA
Elaphoglossum ovalilimbatum Bonap.,Elaphoglossum ovatilimbatum Bonap.,accepted,FALSE,0,0,0,NA,NA,spelling mistake in species name,NA
Elaphoglossum variabile A.Rojas,Elaphoglossum maritzae A. Rojas,accepted,FALSE,0,0,0,NA,NA,spelling mistake in species name,NA
Elaphoglossum variabile A.Rojas,Elaphoglossum adrianae A. Rojas,accepted,FALSE,0,0,0,NA,NA,spelling mistake in species name,NA
Elaphoglossum variabile A.Rojas,Elaphoglossum caridadae A. Rojas,accepted,FALSE,0,0,0,NA,NA,spelling mistake in species name,NA
Elaphoglossum variabile A.Rojas,Elaphoglossum karinae A. Rojas,ambiguous synonym,FALSE,0,0,0,NA,NA,spelling mistake in species name,NA
Gaga kauflussii (Kunze) F.W.Li & Windham,Gaga kaulfussii (Kunze) Fay W. Li & Windham,accepted,FALSE,0,0,0,NA,NA,spelling mistake in species name,NA
Goniophlebium mehibitense (C.Chr.) Parris,Goniophlebium mehipitense (C. Chr.) Parris,accepted,FALSE,0,0,0,NA,NA,spelling mistake in species name,NA
Grammitis limbata Fée,Grammitis nana Fée,ambiguous synonym,FALSE,0,0,0,NA,NA,spelling mistake in species name,NA
Grammitis limbata Fée,Grammitis longa Fée,synonym,FALSE,0,0,0,NA,NA,spelling mistake in species name,NA
Grammitis stenophylla Parris,Grammitis taeniophylla Parris,synonym,FALSE,0,0,0,NA,NA,spelling mistake in species name,NA
Grammitis stenophylla Parris,Grammitis glossophylla Parris,synonym,FALSE,0,0,0,NA,NA,spelling mistake in species name,NA
Grammitis wattsii Copel.,Grammitis tatei Copel.,synonym,FALSE,0,0,0,NA,NA,spelling mistake in species name,NA
Grammitis wattsii Copel.,Grammitis holttumii Copel.,synonym,FALSE,0,0,0,NA,NA,spelling mistake in species name,NA
Grammitis wattsii Copel.,Grammitis brassii Copel.,synonym,FALSE,0,0,0,NA,NA,spelling mistake in species name,NA
Heterogonium subglabrum Holttum,Heterogonium subglabratum Holttum,synonym,FALSE,0,0,0,NA,NA,spelling mistake in species name,NA
Heterogonium subglabrum Holttum,Heterogonium lobulatum Holttum,synonym,FALSE,0,0,0,NA,NA,spelling mistake in species name,NA
Humata anderssonii (Mett.) C.Chr.,Humata andersonii (Mett.) C. Chr.,synonym,FALSE,0,0,0,NA,NA,spelling mistake in species name,NA
Humata tyermanii T.Moore,Humata tyermannii T. Moore,synonym,FALSE,0,0,0,NA,NA,spelling mistake in species name,NA
Hymenophyllum acanthoides Bosch,Hymenophyllum adiantoides Bosch,accepted,FALSE,0,0,0,NA,NA,spelling mistake in species name,NA
Hymenophyllum caespitosa Gaudich.,Hymenophyllum caespitosum Gaudich.,accepted,FALSE,0,0,0,NA,NA,spelling mistake in species name,NA
Hymenophyllum riukiuense H.Christ,Hymenophyllum liukiuense Christ,synonym,FALSE,0,0,0,NA,NA,spelling mistake in species name,NA
Hypodematium taiwanense Ching ex K.H.Shing,Hypodematium taiwanensis Ching ex K. H. Shing,synonym,FALSE,0,0,0,NA,NA,spelling mistake in species name,NA
Lellingeria mitchellae (Baker ex Hemsl.) A.R.Sm. & R.C.Morancies,Lellingeria mitchelliae (Baker ex Hemsl.) A. R. Sm. & R. C. Moran,synonym,FALSE,0,0,0,NA,NA,spelling mistake in species name,NA
Lellingeria pseudomitchelliae (Lellinger) A.R.Sm. & R.C.Moran,Lellingeria pseudomitchellae (Lellinger) A. R. Sm. & R. C. Moran,synonym,FALSE,0,0,0,NA,NA,spelling mistake in species name,NA
Lepisorus hsiaowutaiensis Ching & S.K.Wu,Lepisorus hsiawutaiensis Ching & S. K. Wu,synonym,FALSE,0,0,0,NA,NA,spelling mistake in species name,NA
Lepisorus xiphiopteris (Baker) W.M.Chu ex Y.X.Lin,Lepisorus xiphopteris (Baker) W. M. Chu ex Y. X. Lin,synonym,FALSE,0,0,0,NA,NA,spelling mistake in species name,NA
Lindsaea blanda Kuhn,Lindsaea repanda Kunze,accepted,FALSE,0,0,0,NA,NA,spelling mistake in species name,NA
Lindsaea millefolia K.U.Kramer,Lindsaea millefolium K. U. Kramer,synonym,FALSE,0,0,0,NA,NA,spelling mistake in species name,NA
Lygodium circinatum (Burm.f.) Sw.,Lygodium circinnatum (Burm. fil.) Sw.,accepted,FALSE,0,0,0,NA,NA,spelling mistake in species name,NA
"Mankyua chejuensis B.Y.Sun, M.H.Kim & C.H.Kim","Mankyua chejuense B. Y. Sun, M. H. Kim & C. H. Kim",accepted,FALSE,0,0,0,NA,NA,spelling mistake in species name,NA
Metathelypteris hattorii (H.Ito) Ching,Metathelypteris hattori (H. Itô) Ching,accepted,FALSE,0,0,0,NA,NA,spelling mistake in species name,NA
Metathelypteris hattorii var. nemoralis (Ching) Nakaike,Metathelypteris hattori var. nemoralis (Ching) Nakaike,synonym,FALSE,0,0,0,NA,NA,spelling mistake in species name,NA
Microgramma vacciniifolia (Langsd. & Fisch.) Copel.,Microgramma vaccinifolia (Langsd. & Fisch.) Copel.,accepted,FALSE,0,0,0,NA,NA,spelling mistake in species name,NA
Myriopteris lendigera (Cav.) Fee,Myriopteris lentigera (Cav.) Fée,synonym,FALSE,0,0,0,NA,NA,spelling mistake in species name,NA
Ophioderma redactophyllum Chantanaorr. & Li Bing Zhang,Ophioderma redactophylla Chantanaorr. & Li Bing Zhang,accepted,FALSE,0,0,0,NA,NA,spelling mistake in species name,NA
Oreopteris quelpaertensis (H.Christ) Holub,Oreopteris quelpartensis (Christ) Holub,accepted,FALSE,0,0,0,NA,NA,spelling mistake in species name,NA
Paesia rugulosa (Labill.) Kuhn,Paesia rugosula (Labill.) Kuhn,accepted,FALSE,0,0,0,NA,NA,spelling mistake in species name,NA
Paradavallodes kansuensis Ching,Paradavallodes kansuense Ching,synonym,FALSE,0,0,0,NA,NA,spelling mistake in species name,NA
"Parapolystichum microsorum subsp. pentangulare (Colenso) Labiak, Sundue & R.C.Moran","Parapolystichum microsorum subsp. pentagulare (Colenso) Labiak, Sundue & R. C. Moran",synonym,FALSE,0,0,0,NA,NA,spelling mistake in species name,NA
Parapolystichum novoguineensis (Holttum) Sundue & Testo,Parapolystichum novoguineense (Holttum) Sundue & Testo,accepted,FALSE,0,0,0,NA,NA,spelling mistake in species name,NA
"Parapolystichum windsorensis (D.L.Jones & B.Gray) Labiak, Sundue & R.C.Moran","Parapolystichum windsorense (D. L. Jones & B. Gray) Labiak, Sundue & R. C. Moran",accepted,FALSE,0,0,0,NA,NA,spelling mistake in species name,NA
Pecluma oranensis (de la Sota) de la Sota,Pecluma oranense (de la Sota) de la Sota,accepted,FALSE,0,0,0,NA,NA,spelling mistake in species name,NA
Pecluma ptilodon var. robusta (Fee) Lellinger,Pecluma ptilotos var. robusta (Fée) Lellinger,synonym,FALSE,0,0,0,NA,NA,spelling mistake in species name,NA
Pecluma ptilotos (Kunze) M.G.Price,Pecluma ptilota (Kunze) M. G. Price,accepted,FALSE,0,0,0,NA,NA,spelling mistake in species name,NA
Physematium manchuriense (Hook.) Nakai,Physematium manchuriensis (Hook.) Nakai,accepted,FALSE,0,0,0,NA,NA,spelling mistake in species name,NA
Pleopeltis murorum (Hook.) A.R.Sm. & Tejero,Pleopeltis murora (Hook.) A. R. Sm. & Tejero,accepted,FALSE,0,0,0,NA,NA,spelling mistake in species name,NA
Pleopeltis polypodioides var. acicularis (Weath.) E.G.Andrews & Windham,Pleopeltis polypodioides var. aciculare (Weath.) E. G. Andrews & Windham,synonym,FALSE,0,0,0,NA,NA,spelling mistake in species name,NA
Polypodium wiesbaueri Sodiro,Polypodium wiesbaurii Sodiro,synonym,FALSE,0,0,0,NA,NA,spelling mistake in species name,NA
Polystichum erosum Ching,Polystichum grande Ching,ambiguous synonym,FALSE,0,0,0,NA,NA,spelling mistake in species name,NA
Polystichum lilianiae,Polystichum liui Ching,accepted,FALSE,0,0,0,NA,NA,spelling mistake in species name,NA
Polystichum obae Tagawa,Polystichum igaense Tagawa,accepted,FALSE,0,0,0,NA,NA,spelling mistake in species name,NA
Polystichum obae Tagawa,Polystichum obai Tagawa,accepted,FALSE,0,0,0,NA,NA,spelling mistake in species name,NA
Polystichum obae Tagawa,Polystichum rigens Tagawa,accepted,FALSE,0,0,0,NA,NA,spelling mistake in species name,NA
Polystichum obae Tagawa,Polystichum kodamae Tagawa,synonym,FALSE,0,0,0,NA,NA,spelling mistake in species name,NA
Polystichum obae Tagawa,Polystichum doianum Tagawa,synonym,FALSE,0,0,0,NA,NA,spelling mistake in species name,NA
Pseudocyclosorus tuberculifer (C.Chr.) Ching,Pseudocyclosorus tuberculiferus (C. Chr.) Ching,synonym,FALSE,0,0,0,NA,NA,spelling mistake in species name,NA
Pteris assamica Fraser-Jenk.,Pteris andamanica Fraser-Jenk.,accepted,FALSE,0,0,0,NA,NA,spelling mistake in species name,NA
Pteris cadieri H.Christ,Pteris radicans Christ,synonym,FALSE,0,0,0,NA,NA,spelling mistake in species name,NA
Pteris flava Merr.,Pteris parkeri,accepted,FALSE,0,0,0,NA,NA,spelling mistake in species name,NA
Pteris flava Merr.,Pteris laevis Mett.,accepted,FALSE,0,0,0,NA,NA,spelling mistake in species name,NA
Pteris flava Merr.,Pteris alata Desv.,ambiguous synonym,FALSE,0,0,0,NA,NA,spelling mistake in species name,NA
Pteris flava Merr.,Pteris alata Lam.,ambiguous synonym,FALSE,0,0,0,NA,NA,spelling mistake in species name,NA
Pteris flava Merr.,Pteris ovata Desv.,synonym,FALSE,0,0,0,NA,NA,spelling mistake in species name,NA
Pteris flava Merr.,Pteris signata Merr.,synonym,FALSE,0,0,0,NA,NA,spelling mistake in species name,NA
Pteris flava Merr.,Pteris livida Mett.,accepted,FALSE,0,0,0,NA,NA,spelling mistake in species name,NA
Pteris inaequalis C.Presl,Pteris aequalis C. Presl,synonym,FALSE,0,0,0,NA,NA,spelling mistake in species name,NA
Pteris lydgatei (Baker) H.Christ,Pteris lidgatii (Baker) Christ,accepted,FALSE,0,0,0,NA,NA,spelling mistake in species name,NA
Pteris mcclurei Ching,Pteris maclurei Ching,synonym,FALSE,0,0,0,NA,NA,spelling mistake in species name,NA
Pteris ottaria Bedd.,Pteris otaria Bedd.,accepted,FALSE,0,0,0,NA,NA,spelling mistake in species name,NA
Pteris vittata 'nano',Pteris sagittata Cav.,synonym,FALSE,0,0,0,NA,NA,spelling mistake in species name,NA
Pteris vittata 'nano',Pteris digitata Wall.,ambiguous synonym,FALSE,0,0,0,NA,NA,spelling mistake in species name,NA
Pyrrosia martini (H.Christ) Ching,Pyrrosia martinii (Christ) Ching,synonym,FALSE,0,0,0,NA,NA,spelling mistake in species name,NA
Pyrrosia matsudae (Hayata) Tagawa,Pyrrosia matsudai (Hayata) Tagawa,accepted,FALSE,0,0,0,NA,NA,spelling mistake in species name,NA
Pyrrosia nummulariifolia (Sw.) Ching,Pyrrosia nummularifolia (Sw.) Ching,accepted,FALSE,0,0,0,NA,NA,spelling mistake in species name,NA
Sadleria souleytiana (Gaudich.) T.Moore,Sadleria souleyetiana (Gaudich.) T. Moore,accepted,FALSE,0,0,0,NA,NA,spelling mistake in species name,NA
"Selliguea albipes (C.Chr. & Ching) S.G.Lu, Hovenkamp & M.G.Gilbert","Selliguea albopes (C. Chr. & Ching) S. G. Lu, Hovenkamp & M. G. Gilbert",synonym,FALSE,0,0,0,NA,NA,spelling mistake in species name,NA
Serpocaulon meniscifolium (Langsd. & Fisch.) A.R.Sm.,Serpocaulon menisciifolium (Langsd. & Fisch.) A. R. Sm.,accepted,FALSE,0,0,0,NA,NA,spelling mistake in species name,NA
Sphaerostephanos arbuscula (Willd.) Holttum,Sphaerostephanos arbusculus (Willd.) Holttum,accepted,FALSE,0,0,0,NA,NA,spelling mistake in species name,NA
Sphaerostephanos heterocarpus (Blume) Holttum,Sphaerostephanos heterocarpos (Blume) Holttum,accepted,FALSE,0,0,0,NA,NA,spelling mistake in species name,NA
Stigmatopteris ichthiosma (Sodiro) C.Chr.,Stigmatopteris ichtiosma (Sodiro) C. Chr.,accepted,FALSE,0,0,0,NA,NA,spelling mistake in species name,NA
Stigmatopteris tyucana (Raddi) C.Chr.,Stigmatopteris caudata (Raddi) C. Chr.,accepted,FALSE,0,0,0,NA,NA,spelling mistake in species name,NA
Stigmatopteris tyucana (Raddi) C.Chr.,Stigmatopteris tijuccana (Raddi) C. Chr.,accepted,FALSE,0,0,0,NA,NA,spelling mistake in species name,NA
Struthiopteris nipponica (Kunze) Nakai,Struthiopteris niponica (Kunze) Nakai,synonym,FALSE,0,0,0,NA,NA,spelling mistake in species name,NA
Tapeinidium denhami (Hook.) C.Chr.,Tapeinidium denhamii (Hook.) C. Chr.,accepted,FALSE,0,0,0,NA,NA,spelling mistake in species name,NA
Tectaria antioquoiana (Baker) C.Chr.,Tectaria antioquiana (Baker) C. Chr.,accepted,FALSE,0,0,0,NA,NA,spelling mistake in species name,NA
Tectaria jardini (Mett.) E.D.Br.,Tectaria jardinii (Mett.) E. D. Br.,accepted,FALSE,0,0,0,NA,NA,spelling mistake in species name,NA
Tectaria zeylanica (Houtt.) Sledge,Tectaria zeilanica (Houtt.) Sledge,accepted,FALSE,0,0,0,NA,NA,spelling mistake in species name,NA
Terpsichore aspleniifolia (L.) A.R.Sm.,Terpsichore asplenifolia (L.) A. R. Sm.,accepted,FALSE,0,0,0,NA,NA,spelling mistake in species name,NA
Trichomanes eglerii P.G.Windisch,Trichomanes guidoi P. G. Windisch,accepted,FALSE,0,0,0,NA,NA,spelling mistake in species name,NA
Trichomanes eglerii P.G.Windisch,Trichomanes egleri P. G. Windisch,accepted,FALSE,0,0,0,NA,NA,spelling mistake in species name,NA
Vittaria lineata (L.) Sm.,Vittaria lanceolata Sw.,ambiguous synonym,FALSE,0,0,0,NA,NA,spelling mistake in species name,NA
Vittaria lineata (L.) Sm.,Vittaria elongata Sw.,synonym,FALSE,0,0,0,NA,NA,spelling mistake in species name,NA
Acystopteris taiwaniana (Tagawa) A.Love & D.Love,Acystopteris taiwaniana (Tagawa) Á. & D. Löve,accepted,TRUE,1,0,0,NA,NA,author variant,NA
Adenophorus sarmentosus (Brack.) K.Wilson,Adenophorus sarmentosus (Brack.) K. A. Wilson,accepted,TRUE,1,0,0,NA,NA,author variant,NA
Adiantopsis trifurcata (Baker) M.A.Link-Perez & Hickey,Adiantopsis trifurcata (Baker) Link-Pérez & Hickey,accepted,TRUE,1,0,0,NA,NA,author variant,NA
Adiantum anceps Maxon & C.V.Morton,Adiantum anceps Maxon & Morton,accepted,TRUE,1,0,0,NA,NA,author variant,NA
Adiantum calcareum Gardner,Adiantum calcareum Gaertn.,accepted,TRUE,1,0,0,NA,NA,author variant,NA
Adiantum dentatum A.H.Wang & F.G.Wang & F.W.Xing,"Adiantum dentatum A. H. Wang, F. G. Wang & F. W. Xing",accepted,TRUE,1,0,0,NA,NA,author variant,NA
Adiantum fulvum M.Raoul,Adiantum fulvum Raoul,accepted,TRUE,1,0,0,NA,NA,author variant,NA
Adiantum henslovianum Hook.f.,Adiantum henslovianum Hook. fil.,accepted,TRUE,1,0,0,NA,NA,author variant,NA
Adiantum induratum H.Christ,Adiantum induratum Christ,accepted,TRUE,1,0,0,NA,NA,author variant,NA
Adiantum jordanii Muell.Hal.,Adiantum jordanii Müll. Hal.,accepted,TRUE,1,0,0,NA,NA,author variant,NA
Adiantum leveillei H.Christ,Adiantum leveillei Christ,synonym,TRUE,1,0,0,NA,NA,author variant,NA
Adiantum madagascariense H.Rosend.,Adiantum madagascariense Rosend.,accepted,TRUE,1,0,0,NA,NA,author variant,NA
Adiantum malesianum J.Ghatak,Adiantum malesianum Ghatak,synonym,TRUE,1,0,0,NA,NA,author variant,NA
Adiantum obovatum A.H.Wang & F.G.Wang & F.W.Xing,"Adiantum obovatum A. H. Wang, F. G. Wang & F. W. Xing",accepted,TRUE,1,0,0,NA,NA,author variant,NA
Adiantum reniforme var. sinense Y.X.Ling,Adiantum reniforme var. sinense Y. X. Lin,synonym,TRUE,1,0,0,NA,NA,author variant,NA
Adiantum silvaticum Tindale,Adiantum silvaticum Tind.,accepted,TRUE,1,0,0,NA,NA,author variant,NA
Adiantum tracyi C.C.Hall ex W.H.Wagner,Adiantum ×  tracyi C. C. Hall ex Wagner,accepted,TRUE,1,0,0,NA,NA,author variant,NA
Adiantum viridimontanum C.A.Paris,Adiantum viridimontanum Paris,accepted,TRUE,1,0,0,NA,NA,author variant,NA
Aglaomorpha hieronymi (Brause) Coepl.,Aglaomorpha hieronymi (Brause) Copel.,synonym,TRUE,1,0,0,NA,NA,author variant,NA
Aglaomorpha parkinsonii (Baker) Parros & M.C.Roos,Aglaomorpha parkinsonii (Baker) Parris & M. C. Roos,synonym,TRUE,1,0,0,NA,NA,author variant,NA
Alsophila colensoi Hook.f.,Alsophila colensoi Hook. fil.,accepted,TRUE,1,0,0,NA,NA,author variant,NA
Alsophila imrayana (Hook.) D.S.Conant,Alsophila imrayana (Hook.) Conant,accepted,TRUE,1,0,0,NA,NA,author variant,NA
Alsophila marcescens (N.A.Wakef.) R.M.Tryon,Alsophila ×  marcescens (N. A. Wakef.) R. M. Tryon,accepted,TRUE,1,0,0,NA,NA,author variant,NA
"Alsophila orientalis (Kunze) R.M.Tryon, q1970",Alsophila orientalis (Kunze) R. M. Tryon,accepted,TRUE,1,0,0,NA,NA,author variant,NA
Amauropelta cheilanthoides (Kunze) A.Love & D.Love,Amauropelta cheilanthoides (Kunze) Á. & D. Löve,accepted,TRUE,1,0,0,NA,NA,author variant,NA
Amauropelta pilosula (Klotzsch & H.Karst. ex Mett.) Á.Löve & D.Löve,Amauropelta pilosula (Klotzsch & H. Karst. ex Mett.) Á. & D. Löve,accepted,TRUE,1,0,0,NA,NA,author variant,NA
Anemia collina Sm.,Anemia collina Raddi,accepted,TRUE,1,0,0,NA,NA,author variant,NA
Anemia imbricata J.W.Sturm,Anemia imbricata Sturm,accepted,TRUE,1,0,0,NA,NA,author variant,NA
Anemia salvadorensis Mickel & R.L.Seiler,Anemia salvadorensis Mickel & Seiler,accepted,TRUE,1,0,0,NA,NA,author variant,NA
Angiopteris rapensis E.Brown,Angiopteris rapensis E. D. Br.,accepted,TRUE,1,0,0,NA,NA,author variant,NA
"Anisocampium niponicum (Mett.) Y.C.Liu, W.L.Chiou & M.Kato","Anisocampium niponicum (Mett.) Yea C. Liu, W. L. Chiou & M. Kato",accepted,TRUE,1,0,0,NA,NA,author variant,NA
Arachniodes hekiana Sa.Kurata,Arachniodes hekiana Kurata,accepted,TRUE,1,0,0,NA,NA,author variant,NA
Arachniodes yasu-inouei Sa.Kurata,Arachniodes yasu-inouei Kurata,synonym,TRUE,1,0,0,NA,NA,author variant,NA
Arachniodes ziyunshanensis Y.T.Hsieh,Arachniodes ziyunshanensis Y. T. Xie,accepted,TRUE,1,0,0,NA,NA,author variant,NA
Ascogrammitis clavigera A.R.Sm. & Sundue,Ascogrammitis clavigera A. R. Sm. ex Sundue,accepted,TRUE,1,0,0,NA,NA,author variant,NA
Asplenium antrophyoides H.Christ,Asplenium antrophyoides Christ,accepted,TRUE,1,0,0,NA,NA,author variant,NA
Asplenium celtibericum Rivas Mart.,Asplenium ×  celtibericum Rivas Mart.,accepted,TRUE,1,0,0,NA,NA,author variant,NA
Asplenium cuneatiforme H.Christ,Asplenium cuneatiforme Christ,accepted,TRUE,1,0,0,NA,NA,author variant,NA
Asplenium cymbifolium H.Christ,Asplenium cymbifolium Christ,accepted,TRUE,1,0,0,NA,NA,author variant,NA
Asplenium decorum Kuntze,Asplenium decorum Kunze,synonym,TRUE,1,0,0,NA,NA,author variant,NA
Asplenium formosae H.Christ,Asplenium formosae Christ,accepted,TRUE,1,0,0,NA,NA,author variant,NA
Asplenium heteroresiliens W.H.Wagner,Asplenium ×  heteroresiliens W. H. Wagner,accepted,TRUE,1,0,0,NA,NA,author variant,NA
Asplenium hookerianum Col.,Asplenium hookerianum Wall.,ambiguous synonym,TRUE,1,0,0,NA,NA,author variant,NA
Asplenium interjectum H.Christ,Asplenium interjectum Christ,accepted,TRUE,1,0,0,NA,NA,author variant,NA
Asplenium komarovii Akas.,Asplenium komarovii Akasawa,accepted,TRUE,1,0,0,NA,NA,author variant,NA
Asplenium loriceum H.Christ,Asplenium loriceum Christ,synonym,TRUE,1,0,0,NA,NA,author variant,NA
Asplenium lyallii T.Moore,Asplenium lyallii Hook.,accepted,TRUE,1,0,0,NA,NA,author variant,NA
Asplenium milnei Carriere,Asplenium milnei Carruth.,accepted,TRUE,1,0,0,NA,NA,author variant,NA
Asplenium minutifolium Kanemitsu & Tagane,Asplenium minutifolium Kanem. & Tagane,accepted,TRUE,1,0,0,NA,NA,author variant,NA
Asplenium nitidum Mett.,Asplenium nitidum Sw.,accepted,TRUE,1,0,0,NA,NA,author variant,NA
"Asplenium pifongiae L.-Y. Kuo, F.W.Li & Y.H.Chang","Asplenium pifongiae L. Y. Kuo, Fay W. Li & Y. H. Chang",accepted,TRUE,1,0,0,NA,NA,author variant,NA
Asplenium planicaule E.J.Lowe,Asplenium planicaule Wall.,ambiguous synonym,TRUE,1,0,0,NA,NA,author variant,NA
Asplenium planicaule E.J.Lowe,Asplenium planicaule Lowe,ambiguous synonym,TRUE,1,0,0,NA,NA,author variant,NA
Asplenium pulcherrimum (Baker) Ching ex Tardieu,Asplenium pulcherrimum (Baker) Ching apud Tardieu,accepted,TRUE,1,0,0,NA,NA,author variant,NA
Asplenium quaylei E.Brown,Asplenium quaylei E. D. Br.,accepted,TRUE,1,0,0,NA,NA,author variant,NA
Asplenium ruprechtii Sa.Kurata,Asplenium ruprechtii Kurata,accepted,TRUE,1,0,0,NA,NA,author variant,NA
Asplenium scolopendropsis J.Sm.,Asplenium scolopendropsis F. Muell.,synonym,TRUE,1,0,0,NA,NA,author variant,NA
Asplenium seelosii Leybold,Asplenium seelosii Leyb.,accepted,TRUE,1,0,0,NA,NA,author variant,NA
Asplenium shikokianum Makino,Asplenium ×  shikokianum Makino,accepted,TRUE,1,0,0,NA,NA,author variant,NA
Asplenium shikokianum Makino,Asplenium shikokianum Baker,synonym,TRUE,1,0,0,NA,NA,author variant,NA
Asplenium simii A.F.Braithw. & Schelpe,Asplenium simii Braithw. & Schelpe,accepted,TRUE,1,0,0,NA,NA,author variant,NA
"Asplenium subglandulosum subsp. hispanicum (Coss.) Salvo, Prada & Diaz","Asplenium subglandulosum subsp. hispanicum (Coss.) Salvo, Prada & T. E. Díaz",synonym,TRUE,1,0,0,NA,NA,author variant,NA
Asplenium wrightioides H.Christ,Asplenium wrightioides Christ,synonym,TRUE,1,0,0,NA,NA,author variant,NA
Asplenium x kitazawae Sa.Kurata & Hutoh,Asplenium ×  kitazawae Kurata & Hutoh,accepted,TRUE,1,0,0,NA,NA,author variant,NA
Astrolepis deltoidea (Baker) J.Beck & Windham,Astrolepis deltoidea (Baker) J. B. Beck & Windham,accepted,TRUE,1,0,0,NA,NA,author variant,NA
Athyrium alpestre (Hoppe) Clairv.,Athyrium alpestre (Hoppe) T. Moore,synonym,TRUE,1,0,0,NA,NA,author variant,NA
Athyrium alpestre (Hoppe) Clairv.,Athyrium alpestre (Hoppe) Rylands,synonym,TRUE,1,0,0,NA,NA,author variant,NA
Athyrium asplenioides (Michx.) Eaton,Athyrium asplenioides (Michx.) Desv.,accepted,TRUE,1,0,0,NA,NA,author variant,NA
Athyrium biserrulatum H.Christ,Athyrium biserrulatum Christ,accepted,TRUE,1,0,0,NA,NA,author variant,NA
Athyrium kenzo-satakei Sa. Kurata,Athyrium kenzo-satakei Kurata,accepted,TRUE,1,0,0,NA,NA,author variant,NA
Athyrium newtonii Baker,Athyrium newtonii (Baker) Diels,accepted,TRUE,1,0,0,NA,NA,author variant,NA
Athyrium oblitescens Sa.Kurata,Athyrium oblitescens Kurata,accepted,TRUE,1,0,0,NA,NA,author variant,NA
Athyrium pectinatum (Wall. ex Mett.) T.Moore,Athyrium pectinatum (Wall. ex Mett.) Bedd.,ambiguous synonym,TRUE,1,0,0,NA,NA,author variant,NA
Athyrium setuligerum Sa.Kurata,Athyrium setuligerum Kurata,accepted,TRUE,1,0,0,NA,NA,author variant,NA
Athyrium spinescens Sa.Kurata,Athyrium spinescens Kurata,accepted,TRUE,1,0,0,NA,NA,author variant,NA
Athyrium viridescentipes Sa.Kurata,Athyrium viridescentipes Kurata,accepted,TRUE,1,0,0,NA,NA,author variant,NA
Athyrium x akiense Sa.Kurata,Athyrium ×  akiense Kurata,accepted,TRUE,1,0,0,NA,NA,author variant,NA
Athyrium x hisatsuanum Sa.Kurata,Athyrium ×  hisatsuanum Kurata,accepted,TRUE,1,0,0,NA,NA,author variant,NA
Athyrium x tokashikii Sa.Kurata,Athyrium ×  tokashikii Kurata,accepted,TRUE,1,0,0,NA,NA,author variant,NA
Blechnum chambersii Tindale,Blechnum chambersii Tind.,synonym,TRUE,1,0,0,NA,NA,author variant,NA
Blechnum vieillardii var. simplex Fourn.,Blechnum vieillardii var. simplex E. Fourn.,synonym,TRUE,1,0,0,NA,NA,author variant,NA
Bolbitis angustipinna (Hayata) H.Ito,Bolbitis angustipinna (Hayata) Itô,accepted,TRUE,1,0,0,NA,NA,author variant,NA
Botrychium acuminatum W.H.Wagner,Botrychium acuminatum Wagner,accepted,TRUE,1,0,0,NA,NA,author variant,NA
Botrychium ascendens W.H.Wagner,Botrychium ascendens Wagner,accepted,TRUE,1,0,0,NA,NA,author variant,NA
Botrychium boreale J.Milde,Botrychium boreale (Fr.) Milde,accepted,TRUE,1,0,0,NA,NA,author variant,NA
Botrychium campestre W.H.Wagner & Farrar,Botrychium campestre Wagner & Farrar,accepted,TRUE,1,0,0,NA,NA,author variant,NA
Botrychium crenulatum W.H.Wagner,Botrychium crenulatum Wagner,accepted,TRUE,1,0,0,NA,NA,author variant,NA
Botrychium echo W.H.Wagner,Botrychium echo Wagner,accepted,TRUE,1,0,0,NA,NA,author variant,NA
Botrychium hesperium (Maxon & R.T.Clausen) W.H.Wagner & Lellinger,Botrychium hesperium (Maxon & Clausen) Wagner & Lellinger,accepted,TRUE,1,0,0,NA,NA,author variant,NA
Botrychium lanceolatum (S.G.Gmel.) Angstrom,Botrychium lanceolatum (S. G. Gmel.) Ångstr.,accepted,TRUE,1,0,0,NA,NA,author variant,NA
Botrychium lanceolatum subsp. angustisegmentum (Pease & A.H.Moore) R.T.Clausen,Botrychium lanceolatum subsp. angustisegmentum (Pease & A. H. Moore) Clausen,accepted,TRUE,1,0,0,NA,NA,author variant,NA
Botrychium montanum W.H.Wagner,Botrychium montanum Wagner,accepted,TRUE,1,0,0,NA,NA,author variant,NA
Botrychium mormo W.H.Wagner,Botrychium mormo Wagner,accepted,TRUE,1,0,0,NA,NA,author variant,NA
Botrychium pallidum W.H.Wagner,Botrychium pallidum Wagner,accepted,TRUE,1,0,0,NA,NA,author variant,NA
Botrychium paradoxum W.H.Wagner,Botrychium paradoxum Wagner,accepted,TRUE,1,0,0,NA,NA,author variant,NA
Botrychium pedunculosum W.H.Wagner,Botrychium pedunculosum Wagner,accepted,TRUE,1,0,0,NA,NA,author variant,NA
Botrychium pseudopinnatum W.H.Wagner,Botrychium pseudopinnatum Wagner,accepted,TRUE,1,0,0,NA,NA,author variant,NA
Botrychium spathulatum W.H.Wagner,Botrychium spathulatum Wagner,accepted,TRUE,1,0,0,NA,NA,author variant,NA
Botrychium watertonense W.H.Wagner,Botrychium ×  watertonense W. H. Wagner,accepted,TRUE,1,0,0,NA,NA,author variant,NA
Cheilanthes squamosa Gillies & Hook. ex Grev.,Cheilanthes squamosa Gill. ex Hook. & Grev.,accepted,TRUE,1,0,0,NA,NA,author variant,NA
Christella conspersa (Schrad.) A.Love & D.Love,Christella conspersa (Schrad.) Á. & D. Löve,accepted,TRUE,1,0,0,NA,NA,author variant,NA
Christella latipinna (Benth.) H.Lev.,Christella latipinna (Benth.) Lév.,accepted,TRUE,1,0,0,NA,NA,author variant,NA
Christella papilio (C.Hope) K.Iwats.,Christella papilio (C. Hope) Holttum,accepted,TRUE,1,0,0,NA,NA,author variant,NA
Crepidomanes walleri (Watts) Tindale,Crepidomanes walleri (Watts) Tind.,accepted,TRUE,1,0,0,NA,NA,author variant,NA
Ctenitis crinita (Poir.) Tardieu,Ctenitis crinita (Poir.) Ching,accepted,TRUE,1,0,0,NA,NA,author variant,NA
Cyathea cunninghamii Hook.f.,Cyathea cunninghamii Hook. fil.,synonym,TRUE,1,0,0,NA,NA,author variant,NA
Cyathea mexicana Schlecht. & Cham.,Cyathea mexicana Schltdl. & Cham.,synonym,TRUE,1,0,0,NA,NA,author variant,NA
Cyathea phalaenolepis (C.Chr.) Domin,Cyathea phalaenolepis (C. Chr.) Domin Domin,accepted,TRUE,1,0,0,NA,NA,author variant,NA
Cyathea planadae N.C.Arens & A.R.Sm.,Cyathea planadae Arens & A. R. Sm.,accepted,TRUE,1,0,0,NA,NA,author variant,NA
Cyathea smithii Hook.f.,Cyathea smithii Hook. fil.,synonym,TRUE,1,0,0,NA,NA,author variant,NA
Cyrtomium omeiense Ching & K.H.Shing,Cyrtomium omeiense China & Shing,accepted,TRUE,1,0,0,NA,NA,author variant,NA
Davallia beddomei C.Hope,Davallia beddomei Hope,accepted,TRUE,1,0,0,NA,NA,author variant,NA
Davallia epiphylla (G.Forst.) Sw.,Davallia epiphylla (G. Forst.) Spreng.,accepted,TRUE,1,0,0,NA,NA,author variant,NA
Dennstaedtia auriculata Navarrete & B.Øllg.,Dennstaedtia auriculata Navarr. & B. Øllg.,accepted,TRUE,1,0,0,NA,NA,author variant,NA
Dennstaedtia werckleana (Christ) Navarrete & B.Øllg.,Dennstaedtia werckleana (Christ) Navarr. & B. Øllg.,accepted,TRUE,1,0,0,NA,NA,author variant,NA
Deparia florensiae Rakotondr. & Jouy,Deparia florensiae Rakotondr.,synonym,TRUE,1,0,0,NA,NA,author variant,NA
Deparia nakaikeana Fraser-Jenk.,Deparia ×  nakaikeana Fraser-Jenk.,accepted,TRUE,1,0,0,NA,NA,author variant,NA
Dicksonia blumei (Kunze) Moore,Dicksonia blumei (Kunze) T. Moore,accepted,TRUE,1,0,0,NA,NA,author variant,NA
Diplazium australe (R.Br.) N.A.Wakef.,Diplazium australe (R. Br.) Wakef.,accepted,TRUE,1,0,0,NA,NA,author variant,NA
Diplazium fauriei H.Christ,Diplazium fauriei Christ,accepted,TRUE,1,0,0,NA,NA,author variant,NA
Diplazium griffithii T.Moore,Diplazium griffithii (T. Moore) Diels,accepted,TRUE,1,0,0,NA,NA,author variant,NA
Diplazium proliferum,Diplazium proliferum Brack.,ambiguous synonym,TRUE,1,0,0,NA,NA,author variant,NA
Diplazium sanderi (C.Chr.) L.Pacheco,Diplazium sanderi (C. Chr.) Pacheco,accepted,TRUE,1,0,0,NA,NA,author variant,NA
Diplazium squamigerum (Mett.) C.Hope,Diplazium squamigerum (Mett.) Christ,synonym,TRUE,1,0,0,NA,NA,author variant,NA
Diplazium takii Sa.Kurata,Diplazium takii Kurata,accepted,TRUE,1,0,0,NA,NA,author variant,NA
Doryopteris nobilis (T.Moore) C.Chr.,Doryopteris nobilis (T. Moore) J. Sm.,accepted,TRUE,1,0,0,NA,NA,author variant,NA
Doryopteris x leitei Tryon,Doryopteris leitei R. M. Tryon,accepted,TRUE,1,0,0,NA,NA,author variant,NA
Dryopteris basisora,Dryopteris basisora Copel.,ambiguous synonym,TRUE,1,0,0,NA,NA,author variant,NA
Dryopteris championii (Benth.) C.Chr. ex Ching,Dryopteris championii (Benth.) C. Chr. apud Ching,accepted,TRUE,1,0,0,NA,NA,author variant,NA
Dryopteris fatuhivensis E.Brown,Dryopteris fatuhivensis E. D. Br.,accepted,TRUE,1,0,0,NA,NA,author variant,NA
"Dryopteris glabra var. hobdyana (W.H.Wagner) D.D.Palmer, ined.",Dryopteris glabra var. hobdyana (W. H. Wagner) D. D. Palmer,accepted,TRUE,1,0,0,NA,NA,author variant,NA
Dryopteris hadanoi Sa.Kurata,Dryopteris hadanoi Kurata,accepted,TRUE,1,0,0,NA,NA,author variant,NA
Dryopteris holttumii Li Bing Zhang,Dryopteris ×  holttumii Li Bing Zhang,accepted,TRUE,1,0,0,NA,NA,author variant,NA
Dryopteris juxtaposita H.Christ,Dryopteris juxtaposita Christ,accepted,TRUE,1,0,0,NA,NA,author variant,NA
Dryopteris kinokuniensis Sa.Kurata,Dryopteris kinokuniensis Kurata,accepted,TRUE,1,0,0,NA,NA,author variant,NA
Dryopteris lachoongensis (Bedd.) B.K.Nayar & S.Kaur,Dryopteris lachoongensis (Bedd.) B. K. Nayar & Kaur,accepted,TRUE,1,0,0,NA,NA,author variant,NA
Dryopteris marginalis (L.) A.Gray,Dryopteris marginalis (L.) Gray,accepted,TRUE,1,0,0,NA,NA,author variant,NA
Dryopteris namegatae (Sa.Kurata) Sa.Kurata,Dryopteris namegatae (Kurata) Kurata,accepted,TRUE,1,0,0,NA,NA,author variant,NA
Dryopteris paleolata (Pic. Serm.) L.B.Zhang,Dryopteris paleolata (Pic. Serm.) Li Bing Zhang,accepted,TRUE,1,0,0,NA,NA,author variant,NA
Dryopteris panda (C.B.Clarke) H.Christ,Dryopteris panda (C. B. Clarke) C. Chr.,accepted,TRUE,1,0,0,NA,NA,author variant,NA
Dryopteris redactopinnata S.K.Basu & Panigrahi,Dryopteris redactopinnata Basu & Panigrahi,accepted,TRUE,1,0,0,NA,NA,author variant,NA
Dryopteris remota Hayek,Dryopteris remota Hayata,ambiguous synonym,TRUE,1,0,0,NA,NA,author variant,NA
Dryopteris remota Hayek,Dryopteris ×  remota (Döll) Hayek,synonym,TRUE,1,0,0,NA,NA,author variant,NA
Dryopteris ryo-itoana Sa.Kurata,Dryopteris ryo-itoana Kurata,accepted,TRUE,1,0,0,NA,NA,author variant,NA
Dryopteris shibipedis Sa.Kurata,Dryopteris shibipedis Kurata,accepted,TRUE,1,0,0,NA,NA,author variant,NA
Dryopteris shiroumensis Sa.Kurata & T.Nakam.,Dryopteris shiroumensis Kurata & Nakam.,accepted,TRUE,1,0,0,NA,NA,author variant,NA
Dryopteris simasakii (H.Ito) Sa.Kurata,Dryopteris simasakii (H. Itô) Kurata,accepted,TRUE,1,0,0,NA,NA,author variant,NA
"Dryopteris sororia (Maxon) M.McHenry, Sundue & Barrington","Dryopteris sororia (Maxon) M. A. Mc Henry, Sundue & Barrington",accepted,TRUE,1,0,0,NA,NA,author variant,NA
Dryopteris subreflexipinna M.Ogata,Dryopteris subreflexipinna Ogata,accepted,TRUE,1,0,0,NA,NA,author variant,NA
Dryopteris tsugiwoi Sa.Kurata,Dryopteris tsugiwoi Kurata,accepted,TRUE,1,0,0,NA,NA,author variant,NA
Dryopteris tsutsuiana Sa.Kurata,Dryopteris tsutsuiana Kurata,accepted,TRUE,1,0,0,NA,NA,author variant,NA
"Dryopteris wattsii M. McKeown, Sundue & Barrington","Dryopteris wattsii Mc Keown, Sundue & Barrington",accepted,TRUE,1,0,0,NA,NA,author variant,NA
Dryopteris yakusilvicola Sa.Kurata,Dryopteris yakusilvicola Kurata,synonym,TRUE,1,0,0,NA,NA,author variant,NA
Elaphoglossum albescens (Sodiro) H.Christ,Elaphoglossum albescens (Sodiro) Christ,synonym,TRUE,1,0,0,NA,NA,author variant,NA
Elaphoglossum amygdalifolium (Mett. ex Kuhn) H.Christ,Elaphoglossum amygdalifolium (Mett. ex Kuhn) Christ,accepted,TRUE,1,0,0,NA,NA,author variant,NA
Elaphoglossum cardenasii W.H. Wagner,Elaphoglossum cardenasii Wagner,accepted,TRUE,1,0,0,NA,NA,author variant,NA
Elaphoglossum peltatum (Sw.) Urban,Elaphoglossum peltatum (Sw.) Urb.,accepted,TRUE,1,0,0,NA,NA,author variant,NA
Elaphoglossum peltatum f. flabellatum (Humb. & Bonpl. ex Willd.) Micke,Elaphoglossum peltatum f. flabellatum (Humb. & Bonpl. ex Willd.) Mickel,accepted,TRUE,1,0,0,NA,NA,author variant,NA
Elaphoglossum tovii E.Brown,Elaphoglossum tovii E. D. Br.,accepted,TRUE,1,0,0,NA,NA,author variant,NA
Elaphoglossum variabile A.Rojas,Elaphoglossum variabile Rojas,synonym,TRUE,1,0,0,NA,NA,author variant,NA
Elaphoglossum vestitum (Schltdl. & Cham.) T.Moore,Elaphoglossum vestitum (Schltdl. & Cham.) Schott,accepted,TRUE,1,0,0,NA,NA,author variant,NA
Equisetum arvense subsp. alpestre (Wahlenb.) Schonswetter & Elven,Equisetum arvense subsp. alpestre (Wahlenb.) Schönsw. & Elven,synonym,TRUE,1,0,0,NA,NA,author variant,NA
Equisetum trachyodon (A.Braun) W.D.J.Koch,Equisetum trachyodon (A. Braun) Koch,accepted,TRUE,1,0,0,NA,NA,author variant,NA
Equisetum x litorale Kuehlew. ex Rupr.,Equisetum ×  litorale Kühlew. ex Rupr.,accepted,TRUE,1,0,0,NA,NA,author variant,NA
Gaga angustifolia (Kunth) F.W.Li & Windham,Gaga angustifolia (Kunth) Fay W. Li & Windham,accepted,TRUE,1,0,0,NA,NA,author variant,NA
Gaga apiacea (Mickel) F.W.Li & Windham,Gaga apiacea (Mickel) Fay W. Li & Windham,accepted,TRUE,1,0,0,NA,NA,author variant,NA
Gaga arizonica (Maxon) F.W.Li & Windham,Gaga arizonica (Maxon) Fay W. Li & Windham,accepted,TRUE,1,0,0,NA,NA,author variant,NA
Gaga chaerophylla (M.Martens & Galeotti) F.W.Li & Windham,Gaga chaerophylla (M. Martens & Galeotti) Fay W. Li & Windham,accepted,TRUE,1,0,0,NA,NA,author variant,NA
Gaga complanata (A.R.Sm.) F.W.Li & Windham,Gaga complanata (A. R. Sm.) Fay W. Li & Windham,accepted,TRUE,1,0,0,NA,NA,author variant,NA
Gaga cuneata (Kaulf. ex Link) F.W.Li & Windham,Gaga cuneata (Kaulf. ex Link) Fay W. Li & Windham,accepted,TRUE,1,0,0,NA,NA,author variant,NA
Gaga decurrens (Mickel) F.W.Li & Windham,Gaga decurrens (Mickel) Fay W. Li & Windham,accepted,TRUE,1,0,0,NA,NA,author variant,NA
Gaga germanotta F.W.Li & Windham,Gaga germanotta Fay W. Li & Windham,accepted,TRUE,1,0,0,NA,NA,author variant,NA
Gaga harrisii (Maxon) F.W.Li & Windham,Gaga harrisii (Maxon) Fay W. Li & Windham,accepted,TRUE,1,0,0,NA,NA,author variant,NA
Gaga hintoniorum (M.G.Mendenh. & G.L.Nesom) F.W.Li & Windham,Gaga hintoniorum (Mendenh. & G. L. Nesom) Fay W. Li & Windham,accepted,TRUE,1,0,0,NA,NA,author variant,NA
Gaga hirsuta (Link) F.W.Li & Windham,Gaga hirsuta (Link) Fay W. Li & Windham,accepted,TRUE,1,0,0,NA,NA,author variant,NA
Gaga lerstenii (Mickel & Beitel) F.W.Li & Windham,Gaga lerstenii (Mickel & Beitel) Fay W. Li & Windham,synonym,TRUE,1,0,0,NA,NA,author variant,NA
Gaga marginata (Kunth) F.W.Li & Windham,Gaga marginata (Kunth) Fay W. Li & Windham,accepted,TRUE,1,0,0,NA,NA,author variant,NA
Gaga membranacea (Davenp.) F.W.Li & Windham,Gaga membranacea (Davenp.) Fay W. Li & Windham,accepted,TRUE,1,0,0,NA,NA,author variant,NA
Gaga monstraparva F.W.Li & Windham,Gaga monstraparva Fay W. Li & Windham,accepted,TRUE,1,0,0,NA,NA,author variant,NA
Gaga pellaeopsis (Mickel) F.W.Li & Windham,Gaga pellaeopsis (Mickel) Fay W. Li & Windham,accepted,TRUE,1,0,0,NA,NA,author variant,NA
Gaga purpusii (T.Reeves) F.W.Li & Windham,Gaga purpusii (T. Reeves) Fay W. Li & Windham,accepted,TRUE,1,0,0,NA,NA,author variant,NA
Gleichenia laevissima H.Christ,Gleichenia laevissima Christ,synonym,TRUE,1,0,0,NA,NA,author variant,NA
Goniophlebium amoenum (Wall. ex Mett.) Bedd.,Goniophlebium amoenum (Wall. ex Mett.) J. Sm. ex Bedd.,synonym,TRUE,1,0,0,NA,NA,author variant,NA
Goniopteris vivipara (Raddi) C.F.Reed,Goniopteris vivipara (Raddi) Brade,synonym,TRUE,1,0,0,NA,NA,author variant,NA
Gymnosphaera phlebodes (Lehnert & Coritico) S.Y.Ng,Gymnosphaera phlebodes (Lehnert & Coritico) S. Y. Dong,synonym,TRUE,1,0,0,NA,NA,author variant,NA
Hiya brooksiae (Alderw.) Hui Shang,Hiya brooksiae (Alderw.) H. Shang,accepted,TRUE,1,0,0,NA,NA,author variant,NA
Hiya nigrescens (Hook.) Hui Shang,Hiya nigrescens (Hook.) H. Shang,accepted,TRUE,1,0,0,NA,NA,author variant,NA
"Hymenasplenium quangnamense Li Bing Zhang, K.W.Xu & Liang Zhan","Hymenasplenium quangnamense Li Bing Zhang, K. W. Xu & Liang Zhang",accepted,TRUE,1,0,0,NA,NA,author variant,NA
Hymenophyllum armstrongii (Baker) Kirk,Hymenophyllum armstrongii (Baker) Kuhn,accepted,TRUE,1,0,0,NA,NA,author variant,NA
Hymenophyllum corrugatum H.Christ,Hymenophyllum corrugatum Christ,accepted,TRUE,1,0,0,NA,NA,author variant,NA
Hymenophyllum devolii Lai,Hymenophyllum devolii M. J. Lai,accepted,TRUE,1,0,0,NA,NA,author variant,NA
Hymenophyllum fragile (Hedw.) C.V.Morton,Hymenophyllum fragile (Hedw.) Morton,accepted,TRUE,1,0,0,NA,NA,author variant,NA
Hymenophyllum javanicum A.Spreng.,Hymenophyllum javanicum Spreng.,accepted,TRUE,1,0,0,NA,NA,author variant,NA
Hymenophyllum lyallii Hook.f.,Hymenophyllum lyallii Hook. fil.,accepted,TRUE,1,0,0,NA,NA,author variant,NA
Hymenophyllum nitidulum (Bosch) Ebihara et K.Iwats.,Hymenophyllum nitidulum (Bosch) Ebihara & K. Iwats.,accepted,TRUE,1,0,0,NA,NA,author variant,NA
Hymenophyllum revolutum Col.,Hymenophyllum revolutum Colenso,accepted,TRUE,1,0,0,NA,NA,author variant,NA
Hypodematium delicatulum Rakotondr. & A.R.Sm.,Hypodematium delicatulum Rakotondr.,accepted,TRUE,1,0,0,NA,NA,author variant,NA
Hypolepis muelleri N.A.Wakef.,Hypolepis muelleri Wakef.,accepted,TRUE,1,0,0,NA,NA,author variant,NA
"Hypolepis stolonifera var. delasotae Arana, E.Yañez & Schwartsb.","Hypolepis stolonifera var. delasotae Arana, Yañez & Schwartsb.",accepted,TRUE,1,0,0,NA,NA,author variant,NA
Hypolepis viscosa H.Karst.,Hypolepis viscosa (H. Karst.) Mett.,accepted,TRUE,1,0,0,NA,NA,author variant,NA
Lastreopsis pacifica Tindale,Lastreopsis pacifica Tind.,synonym,TRUE,1,0,0,NA,NA,author variant,NA
Lecanopteris spinosa Jermy & T.G.Walker,Lecanopteris spinosa Jermy & T. Walker,accepted,TRUE,1,0,0,NA,NA,author variant,NA
Lepisorus bampsii (Pic.Serm.) M.J.Zink,Lepisorus bampsii (Pic. Serm.) Zink,synonym,TRUE,1,0,0,NA,NA,author variant,NA
Lepisorus elegans Ching ex W.M.Chu,Lepisorus elegans Ching & W. M. Chu,accepted,TRUE,1,0,0,NA,NA,author variant,NA
Lepisorus medogensis Ching & Y.X.Ling,Lepisorus medogensis Ching & Y. X. Lin,accepted,TRUE,1,0,0,NA,NA,author variant,NA
Lepisorus mikawanus Sa.Kurata,Lepisorus mikawanus Kurata,accepted,TRUE,1,0,0,NA,NA,author variant,NA
Lepisorus subsessilis Ching ex Y.X.Lin,Lepisorus subsessilis Ching & Y. X. Lin,accepted,TRUE,1,0,0,NA,NA,author variant,NA
Leptochilus shintenensis (Hayata) X.C.Zhang & Noot.,Leptochilus ×  shintenensis (Hayata) X. C. Zhang & Noot.,synonym,TRUE,1,0,0,NA,NA,author variant,NA
Leptopteris wilkesiana (Brack.) H.Christ,Leptopteris wilkesiana (Brack.) Christ,accepted,TRUE,1,0,0,NA,NA,author variant,NA
Leucostegia immersa Wall. ex C.Presl,Leucostegia immersa (Wall. ex Hook.) C. Presl,synonym,TRUE,1,0,0,NA,NA,author variant,NA
Lindsaea azurea H.Christ,Lindsaea azurea Christ,accepted,TRUE,1,0,0,NA,NA,author variant,NA
Lindsaea bouillodii H.Christ,Lindsaea bouillodii Christ,accepted,TRUE,1,0,0,NA,NA,author variant,NA
Lindsaea cambodgensis H.Christ,Lindsaea cambodgensis Christ,accepted,TRUE,1,0,0,NA,NA,author variant,NA
Lindsaea harveyi Carr. ex Seem.,Lindsaea harveyi Carruth.,accepted,TRUE,1,0,0,NA,NA,author variant,NA
Lindsaea kawabatae Sa.Kurata,Lindsaea kawabatae Kurata,accepted,TRUE,1,0,0,NA,NA,author variant,NA
Lindsaea pellaeiformis H.Christ,Lindsaea pellaeiformis Christ,accepted,TRUE,1,0,0,NA,NA,author variant,NA
Lindsaea schizophylla H.Christ,Lindsaea schizophylla (Baker) Christ,accepted,TRUE,1,0,0,NA,NA,author variant,NA
Loxogramme duclouxii H.Christ,Loxogramme duclouxii Christ,synonym,TRUE,1,0,0,NA,NA,author variant,NA
Lygodium micans J.W.Sturm,Lygodium micans Sturm,synonym,TRUE,1,0,0,NA,NA,author variant,NA
Marsilea botryocarpa F.Ballard,Marsilea botryocarpa Ballard,accepted,TRUE,1,0,0,NA,NA,author variant,NA
Marsilea tenuifolia Engelm. ex Kunze,Marsilea tenuifolia Engelm. apud Kunze,synonym,TRUE,1,0,0,NA,NA,author variant,NA
Matteuccia struthiopteris var. pensylvanica (Willd.) C.V.Morton,Matteuccia struthiopteris var. pensylvanica (Willd.) Morton,accepted,TRUE,1,0,0,NA,NA,author variant,NA
Metaxya contamanensis Tuomisto & G.G.Cardenas,Metaxya contamanensis Tuomisto & Cárdenas,accepted,TRUE,1,0,0,NA,NA,author variant,NA
Metaxya elongata Tuomisto & G.G.Cardenas,Metaxya elongata Tuomisto & Cárdenas,accepted,TRUE,1,0,0,NA,NA,author variant,NA
Metaxya scalaris Tuomisto & G.G.Cardenas,Metaxya scalaris Tuomisto & Cárdenas,accepted,TRUE,1,0,0,NA,NA,author variant,NA
Microlepia izu-peninsulae Sa.Kurata,Microlepia izu-peninsulae Kurata,accepted,TRUE,1,0,0,NA,NA,author variant,NA
Microlepia x bipinnata (Makino) Y.Shimura,Microlepia ×  bipinnata (Makino) Shimura,accepted,TRUE,1,0,0,NA,NA,author variant,NA
Microsorum glossophyllum (Copel.) Copel.. 1947,Microsorum glossophyllum (Copel.) Copel.,accepted,TRUE,1,0,0,NA,NA,author variant,NA
Monachosorum arakii Tagawa,Monachosorum ×  arakii Tagawa,accepted,TRUE,1,0,0,NA,NA,author variant,NA
Monachosorum flagellare (Makino) Hayata,Monachosorum ×  flagellare (Makino) Hayata,accepted,TRUE,1,0,0,NA,NA,author variant,NA
Mycopteris subtilis (Kunze ex Klotzsch) Sundu,Mycopteris subtilis (Kunze ex Klotzsch) Sundue,accepted,TRUE,1,0,0,NA,NA,author variant,NA
Myriopteris covillei (Maxon) A.Love & D.Love,Myriopteris covillei (Maxon) Á. & D. Löve,accepted,TRUE,1,0,0,NA,NA,author variant,NA
Neocheiropteris palmatopedata (Baker) H.Christ,Neocheiropteris palmatopedata (Baker) Christ,synonym,TRUE,1,0,0,NA,NA,author variant,NA
Nephrolepis acutifolia (Desv.) H.Christ,Nephrolepis acutifolia (Desv.) Christ,accepted,TRUE,1,0,0,NA,NA,author variant,NA
Notholaena affinis (Mett.) Moore,Notholaena affinis (Mett.) T. Moore,accepted,TRUE,1,0,0,NA,NA,author variant,NA
Notholaena trichomanoides (L.) Desv.,Notholaena trichomanoides (L.) R. Br.,accepted,TRUE,1,0,0,NA,NA,author variant,NA
Odontosoria africana F.Ballard,Odontosoria africana Ballard,accepted,TRUE,1,0,0,NA,NA,author variant,NA
Oleandra distenta Kunz,Oleandra distenta Kunze,accepted,TRUE,1,0,0,NA,NA,author variant,NA
"Ophioglossum aletum Patel, Reddy & Goswami","Ophioglossum aletum M. Patel, M. N. Reddy & H. K. Goswami",synonym,TRUE,1,0,0,NA,NA,author variant,NA
Ophioglossum nudicaule L.f.,Ophioglossum nudicaule Thunb.,ambiguous synonym,TRUE,1,0,0,NA,NA,author variant,NA
Ophioglossum pycnostichum (Fernald) A.Love & D.Love,Ophioglossum pycnostichum (Fernald) Á. & D. Löve,synonym,TRUE,1,0,0,NA,NA,author variant,NA
Osmunda mildei C.Chr.,Osmunda ×  mildei C. Chr.,synonym,TRUE,1,0,0,NA,NA,author variant,NA
Pecluma chnoophora (Kunze) Salino & Costa Assis,Pecluma chnoophora (Kunze) Salino & F. C. Assis,accepted,TRUE,1,0,0,NA,NA,author variant,NA
Pellaea glabella subsp. simplex (Butters) A.Love & D.Love,Pellaea glabella subsp. simplex (Butters) Á. & D. Löve,accepted,TRUE,1,0,0,NA,NA,author variant,NA
"Pentagramma pallida (Weath.) Yatsk., Windham & E.Wollenw.","Pentagramma pallida (Weath.) Yatsk., Windham & Wollenw.",accepted,TRUE,1,0,0,NA,NA,author variant,NA
"Pentagramma triangularis (Kaulf.) Yatsk., Windham & E.Wollenw.","Pentagramma triangularis (Kaulf.) Yatsk., Windham & Wollenw.",accepted,TRUE,1,0,0,NA,NA,author variant,NA
Phegopteris keraudreniana (Gaudich.) H.Mann,Phegopteris keraudreniana (Gaudich.) Mann,synonym,TRUE,1,0,0,NA,NA,author variant,NA
Pilularia minuta Durieu,Pilularia minuta Durand,accepted,TRUE,1,0,0,NA,NA,author variant,NA
Plagiogyria adnata var. yakushimensis (K.Sato) K.Iwats.,Plagiogyria adnata var. yakushimensis (K. Satô) Tagawa,synonym,TRUE,1,0,0,NA,NA,author variant,NA
Plagiogyria x wakabae Sa.Kurata ex Nakaike,Plagiogyria ×  wakabae Kurata ex Nakaike,accepted,TRUE,1,0,0,NA,NA,author variant,NA
Pleocnemia cumingiana C.Pres,Pleocnemia cumingiana C. Presl,accepted,TRUE,1,0,0,NA,NA,author variant,NA
Pleopeltis polypodioides var. michauxiana (Weath.) E.B.Andrews & Windham,Pleopeltis polypodioides var. michauxiana (Weath.) E. G. Andrews & Windham,synonym,TRUE,1,0,0,NA,NA,author variant,NA
Polypodium macaronesicum A.E.Bobrov,Polypodium macaronesicum Bobrov,accepted,TRUE,1,0,0,NA,NA,author variant,NA
"Polypodium polycarpon Cav., non Sw.",Polypodium polycarpon Cav. ex Sw.,ambiguous synonym,TRUE,1,0,0,NA,NA,author variant,NA
Polystichopsis chaerophylloides (Poir.) C.V.Morton,Polystichopsis chaerophylloides (Poir.) Morton,accepted,TRUE,1,0,0,NA,NA,author variant,NA
Polystichopsis pubescens (L.) C.V.Morton,Polystichopsis pubescens (L.) Morton,accepted,TRUE,1,0,0,NA,NA,author variant,NA
Polystichum balansae H.Christ,Polystichum balansae Christ,accepted,TRUE,1,0,0,NA,NA,author variant,NA
Polystichum braunii subsp. kamtschaticum (C.Chr. & Hulten) A.Love & D.Love,Polystichum braunii subsp. kamtschaticum (C. Chr. & Hultén) Á. & D. Löve,synonym,TRUE,1,0,0,NA,NA,author variant,NA
Polystichum castaneum (C.B.Clarke) B.K.Nayar & S.Kaur,Polystichum castaneum (C. B. Clarke) B. K. Nayar & Kaur,synonym,TRUE,1,0,0,NA,NA,author variant,NA
Polystichum frigidicola H.S.Kung & Li Bing Zhang,Polystichum frigidicola H. S. Kung & L. B. Zhang,synonym,TRUE,1,0,0,NA,NA,author variant,NA
Polystichum ohmurae Sa.Kurata,Polystichum ohmurae Kurata,accepted,TRUE,1,0,0,NA,NA,author variant,NA
Polystichum omeiense,Polystichum omeiense C. Chr.,synonym,TRUE,1,0,0,NA,NA,author variant,NA
Polystichum otomasui Sa.Kurata,Polystichum otomasui Kurata,accepted,TRUE,1,0,0,NA,NA,author variant,NA
Polystichum pallidum Gardner,Polystichum pallidum (Bory) Tod.,ambiguous synonym,TRUE,1,0,0,NA,NA,author variant,NA
Polystichum rapense E.Brown,Polystichum rapense E. D. Br.,accepted,TRUE,1,0,0,NA,NA,author variant,NA
Polystichum setiferum (Forssk.) Moore ex Woyn.,Polystichum setiferum (Forssk.) T. Moore ex Woyn.,accepted,TRUE,1,0,0,NA,NA,author variant,NA
Polystichum shimurae Kurata ex Seriz.,Polystichum shimurae Sa. Kurata ex Seriz.,accepted,TRUE,1,0,0,NA,NA,author variant,NA
Polystichum sinotsus-simense Ching & Zheng Y.Liu,Polystichum sinotsus-simense Ching & Z. Y. Liu,accepted,TRUE,1,0,0,NA,NA,author variant,NA
Polystichum tagawanum Sa.Kurata,Polystichum tagawanum Kurata,accepted,TRUE,1,0,0,NA,NA,author variant,NA
Polystichum weimingii Li Bing Zhang & H.He,Polystichum weimingii L. B. Zhang & H. He,accepted,TRUE,1,0,0,NA,NA,author variant,NA
"Pteridium aquilinum subsp. feei (W.Schaffn. ex Fee) J.A.Thomson, Mickel & Mehltreter","Pteridium aquilinum subsp. feei (W. Schaffn. ex Fée) J. A. Thomson, Mickel & Mehltr.",accepted,TRUE,1,0,0,NA,NA,author variant,NA
Pteridium aquilinum subsp. japonicum (Nakai) A.Love & D.Love,Pteridium aquilinum subsp. japonicum (Nakai) Á. & D. Löve,accepted,TRUE,1,0,0,NA,NA,author variant,NA
Pteridium aquilinum subsp. latiusculum (Desv.) Hultén,Pteridium aquilinum subsp. latiusculum (Desv.) C. N. Page,synonym,TRUE,1,0,0,NA,NA,author variant,NA
Pteris buchananii Sim,Pteris buchananii Baker,accepted,TRUE,1,0,0,NA,NA,author variant,NA
Pteris ensiformis Burm.f.,Pteris ensiformis Burm.,accepted,TRUE,1,0,0,NA,NA,author variant,NA
Pteris flava Merr.,Pteris flava Goldm.,synonym,TRUE,1,0,0,NA,NA,author variant,NA
Pteris inaequalis C.Presl,Pteris inaequalis Baker,ambiguous synonym,TRUE,1,0,0,NA,NA,author variant,NA
Pteris inaequalis C.Presl,Pteris inaequalis Fée,ambiguous synonym,TRUE,1,0,0,NA,NA,author variant,NA
Pteris kawabatae Sa.Kurata,Pteris kawabatae Kurata,accepted,TRUE,1,0,0,NA,NA,author variant,NA
Pteris kidoi Sa.Kurata,Pteris kidoi Kurata,accepted,TRUE,1,0,0,NA,NA,author variant,NA
"Pteris langsonensis Li Bing Zhang, Liang Zhang & N.T.Lu","Pteris langsonensis L. B. Zhang, Liang Zhang & N. T. Lu",accepted,TRUE,1,0,0,NA,NA,author variant,NA
Pteris laurisilvicola Sa.Kurata,Pteris laurisilvicola Kurata,accepted,TRUE,1,0,0,NA,NA,author variant,NA
Pteris litoralis Rech.f.,Pteris litoralis Rech.,accepted,TRUE,1,0,0,NA,NA,author variant,NA
Pteris satsumana Sa.Kurata,Pteris satsumana Kurata,accepted,TRUE,1,0,0,NA,NA,author variant,NA
Pteris scabra Bory & Willd.,Pteris scabra Bory ex Willd.,accepted,TRUE,1,0,0,NA,NA,author variant,NA
Pteris stenophylla C.Presl,Pteris stenophylla Link,ambiguous synonym,TRUE,1,0,0,NA,NA,author variant,NA
Pteris vittata 'nano',Pteris vittata L.,accepted,TRUE,1,0,0,NA,NA,author variant,NA
Pteris x sefuricola Kurata,Pteris ×  sefuricola Sa. Kurata,synonym,TRUE,1,0,0,NA,NA,author variant,NA
Pteris xiaoyingiae H.He & Li Bing Zhang,Pteris xiaoyingiae H. He & L. B. Zhang,accepted,TRUE,1,0,0,NA,NA,author variant,NA
Pteris yakuinsularis Sa.Kurata,Pteris yakuinsularis Kurata,accepted,TRUE,1,0,0,NA,NA,author variant,NA
Pyrrosia ensata Ching ex K.H.Shing,Pyrrosia ensata Ching & K. H. Shing,accepted,TRUE,1,0,0,NA,NA,author variant,NA
Pyrrosia lanceolata (L.) Farwell,Pyrrosia lanceolata (L.) Farw.,accepted,TRUE,1,0,0,NA,NA,author variant,NA
Pyrrosia piloselloides (L.) M.Price,Pyrrosia piloselloides (L.) M. G. Price,accepted,TRUE,1,0,0,NA,NA,author variant,NA
Salvinia molesta D.S. Mitch.,Salvinia ×  molesta D. S. Mitch.,accepted,TRUE,1,0,0,NA,NA,author variant,NA
Salvinia oblongifolia Martius,Salvinia oblongifolia Mart.,accepted,TRUE,1,0,0,NA,NA,author variant,NA
Schizaea dichotoma (L.) J.Sm.,Schizaea dichotoma Kunze,ambiguous synonym,TRUE,1,0,0,NA,NA,author variant,NA
Schizaea poeppigiana J.W.Sturm,Schizaea poeppigiana Sturm,accepted,TRUE,1,0,0,NA,NA,author variant,NA
Selliguea triloba (Houtt.) ex M.G.Price,Selliguea triloba (Houtt.) M. G. Price,accepted,TRUE,1,0,0,NA,NA,author variant,NA
Sticherus tahitensis (Copel.) St.John,Sticherus tahitensis (Copel.) H. St. John,accepted,TRUE,1,0,0,NA,NA,author variant,NA
Struthiopteris spicant (L.) F.W.Weiss,Struthiopteris spicant (L.) Weiss,accepted,TRUE,1,0,0,NA,NA,author variant,NA
Tectaria marchionica E.D.Brown,Tectaria marchionica E. D. Br.,synonym,TRUE,1,0,0,NA,NA,author variant,NA
Tmesipteris elongata Danguy,Tmesipteris elongata P. A. Dang.,accepted,TRUE,1,0,0,NA,NA,author variant,NA
Trichomanes accedens J.Presl,Trichomanes accedens C. Presl,accepted,TRUE,1,0,0,NA,NA,author variant,NA
Trichomanes bimarginatum,Trichomanes bimarginatum Bedd.,ambiguous synonym,TRUE,1,0,0,NA,NA,author variant,NA
Trichomanes osmundoides Poir.,Trichomanes osmundoides DC. ex Poir.,accepted,TRUE,1,0,0,NA,NA,author variant,NA
Vandenboschia radicans type I,Vandenboschia radicans (Sw.) Copel.,accepted,TRUE,1,0,0,NA,NA,author variant,NA
Vandenboschia radicans type I',Vandenboschia radicans (Sw.) Copel.,accepted,TRUE,1,0,0,NA,NA,author variant,NA
Vandenboschia radicans type II,Vandenboschia radicans (Sw.) Copel.,accepted,TRUE,1,0,0,NA,NA,author variant,NA
Vandenboschia radicans type IV,Vandenboschia radicans (Sw.) Copel.,accepted,TRUE,1,0,0,NA,NA,author variant,NA
Vittaria dimorpha Muell.Berol.,Vittaria dimorpha Müll. Berol.,synonym,TRUE,1,0,0,NA,NA,author variant,NA
Vittaria lineata (L.) Sm.,Vittaria lineata (L.) J. E. Sm.,accepted,TRUE,1,0,0,NA,NA,author variant,NA
Woodsia andersonii (Bedd.) H.Christ,Woodsia andersonii (Bedd.) Christ,accepted,TRUE,1,0,0,NA,NA,author variant,NA
Woodwardia fimbriata Sm.,Woodwardia fimbriata J. E. Sm.,accepted,TRUE,1,0,0,NA,NA,author variant,NA
x Lindsaeosoria flynnii W.H.Wagner,Lindsaeosoria ×  flynnii W. H. Wagner,accepted,TRUE,1,0,0,NA,NA,author variant,NA
"Adiantum mynssenae J.Prado, nom. nov.",NA,NA,NA,NA,NA,NA,NA,NA,NA,NA
Aglaomorpha x leporella (K.I.Goebel) C.Chr.,NA,NA,NA,NA,NA,NA,NA,NA,NA,NA
Antrophyum semicostatum var. sarawakense,NA,NA,NA,NA,NA,NA,NA,NA,NA,NA
Arachniodes amabilis var. yakusimensis Ohwi,NA,NA,NA,NA,NA,NA,NA,NA,NA,NA
Arachniodes simplicior var. simplicior,NA,NA,NA,NA,NA,NA,NA,NA,NA,NA
Arachniodes yasu-inouei var. angustipinnula Seriz.,NA,NA,NA,NA,NA,NA,NA,NA,NA,NA
Asplenium attenuatum var. attenuatum,NA,NA,NA,NA,NA,NA,NA,NA,NA,NA
Asplenium attenuatum var. multilobum F.Muell.,NA,NA,NA,NA,NA,NA,NA,NA,NA,NA
Asplenium attenuatum var. schneideri F.M.Bailey,NA,NA,NA,NA,NA,NA,NA,NA,NA,NA
Asplenium cyprium Viane & Van den Heede,NA,NA,NA,NA,NA,NA,NA,NA,NA,NA
Asplenium daucifolium var. lineatum,NA,NA,NA,NA,NA,NA,NA,NA,NA,NA
Asplenium octoploideum Viane & Van den Heede,NA,NA,NA,NA,NA,NA,NA,NA,NA,NA
Asplenium parvifolium (Benl & G.Kunkel) Vida & Reichst.,NA,NA,NA,NA,NA,NA,NA,NA,NA,NA
Asplenium x chasmophilum Van den Heede & Viane,NA,NA,NA,NA,NA,NA,NA,NA,NA,NA
Athyrium mackinnonii C.Chr.,NA,NA,NA,NA,NA,NA,NA,NA,NA,NA
Athyrium yokoscense var. dilatatum Tagawa,NA,NA,NA,NA,NA,NA,NA,NA,NA,NA
Blechnum fraseri var. philippense,NA,NA,NA,NA,NA,NA,NA,NA,NA,NA
Bosmania membranacea subsp. carinata (W.M.Chu & Z.R.He) R.Wei & X.C.Zhang,NA,NA,NA,NA,NA,NA,NA,NA,NA,NA
Ceradenia ayapoyana,NA,NA,NA,NA,NA,NA,NA,NA,NA,NA
Ceradenia madidiense,NA,NA,NA,NA,NA,NA,NA,NA,NA,NA
Cheilanthes ecuadorensis Windham & K.Sosa,NA,NA,NA,NA,NA,NA,NA,NA,NA,NA
Ctenitis brevipetiolata,NA,NA,NA,NA,NA,NA,NA,NA,NA,NA
Cyathea patens hort. ex Houlston & Moore,NA,NA,NA,NA,NA,NA,NA,NA,NA,NA
Davallia immersa var. amplissima Christ,NA,NA,NA,NA,NA,NA,NA,NA,NA,NA
Davallia kansuensis (Ching) X.D.Ma & F.G.Wang.,NA,NA,NA,NA,NA,NA,NA,NA,NA,NA
Davallia tyermanii (T.Moore) Baker,NA,NA,NA,NA,NA,NA,NA,NA,NA,NA
Didymochlaena dimidiata Kunze,NA,NA,NA,NA,NA,NA,NA,NA,NA,NA
Diplazium ballivianii,NA,NA,NA,NA,NA,NA,NA,NA,NA,NA
Diplazium myriomerum (C.Chr.) Lellinger,NA,NA,NA,NA,NA,NA,NA,NA,NA,NA
Diplazium wichurae var. amabile,NA,NA,NA,NA,NA,NA,NA,NA,NA,NA
Diplopterygium glaucoides (Ching) Ching ex P.S.Wang & X.Y.Wang,NA,NA,NA,NA,NA,NA,NA,NA,NA,NA
Doodia milnei Carriere,NA,NA,NA,NA,NA,NA,NA,NA,NA,NA
"Dryopteris glabra var. flynii (W.H.Wagner) D.D.Palmer, ined.",NA,NA,NA,NA,NA,NA,NA,NA,NA,NA
Dryopteris simasakii var. simasakii,NA,NA,NA,NA,NA,NA,NA,NA,NA,NA
Dryopteris x ebinoensis (nom. nud.),NA,NA,NA,NA,NA,NA,NA,NA,NA,NA
Dryopteris x ebinoensis Sa.Kurata,NA,NA,NA,NA,NA,NA,NA,NA,NA,NA
Elaphoglossum peltatum f. peltatum,NA,NA,NA,NA,NA,NA,NA,NA,NA,NA
Enterosora entersoroides,NA,NA,NA,NA,NA,NA,NA,NA,NA,NA
Equisetum ramosissimum subsp. ramosissimum,NA,NA,NA,NA,NA,NA,NA,NA,NA,NA
Grammitis bryophila (Maxon) F.Seym.,NA,NA,NA,NA,NA,NA,NA,NA,NA,NA
Grammitis bufonis L.D.Gómez,NA,NA,NA,NA,NA,NA,NA,NA,NA,NA
Grammitis cincta Copel. ex Parris,NA,NA,NA,NA,NA,NA,NA,NA,NA,NA
Grammitis copelandii Tardieu,NA,NA,NA,NA,NA,NA,NA,NA,NA,NA
Grammitis coriaceifolia Rakotondr. & Parris,NA,NA,NA,NA,NA,NA,NA,NA,NA,NA
Grammitis cryptophlebia (Baker) Copel.,NA,NA,NA,NA,NA,NA,NA,NA,NA,NA
Grammitis deplanchei (Baker) Copel.,NA,NA,NA,NA,NA,NA,NA,NA,NA,NA
Grammitis diminuta (Baker) Copel.,NA,NA,NA,NA,NA,NA,NA,NA,NA,NA
Grammitis ebenina (Maxon) Tardieu,NA,NA,NA,NA,NA,NA,NA,NA,NA,NA
Grammitis holophlebia (Baker) Copel.,NA,NA,NA,NA,NA,NA,NA,NA,NA,NA
Grammitis kyimbilensis (Brause) Copel.,NA,NA,NA,NA,NA,NA,NA,NA,NA,NA
Grammitis marginelloides (J.W.Moore) Copel.,NA,NA,NA,NA,NA,NA,NA,NA,NA,NA
Grammitis melanoloma (Cordem.) Tardieu,NA,NA,NA,NA,NA,NA,NA,NA,NA,NA
Grammitis nudicarpa Copel.,NA,NA,NA,NA,NA,NA,NA,NA,NA,NA
Grammitis obtusa Willd. ex Kaulf.,NA,NA,NA,NA,NA,NA,NA,NA,NA,NA
Grammitis paramicola L.E.Bishop,NA,NA,NA,NA,NA,NA,NA,NA,NA,NA
Grammitis pellucidovenosa (Bonap.) Copel.,NA,NA,NA,NA,NA,NA,NA,NA,NA,NA
Grammitis pervillei (Mett. ex Kuhn) Tardieu,NA,NA,NA,NA,NA,NA,NA,NA,NA,NA
Grammitis pseudaustralis Fourn.,NA,NA,NA,NA,NA,NA,NA,NA,NA,NA
Grammitis pygmaea (Mett. ex Kuhn) Copel.,NA,NA,NA,NA,NA,NA,NA,NA,NA,NA
Grammitis synsora (Baker) Copel.,NA,NA,NA,NA,NA,NA,NA,NA,NA,NA
Gymnocarpium dryopteris var. aokigarharaense Nakaike,NA,NA,NA,NA,NA,NA,NA,NA,NA,NA
Gymnosphaera bachmaensis S.Y.Dong,NA,NA,NA,NA,NA,NA,NA,NA,NA,NA
Gymnosphaera bonii,NA,NA,NA,NA,NA,NA,NA,NA,NA,NA
Gymnosphaera saxicola S.Y.Dong & Z.Y.Zuo,NA,NA,NA,NA,NA,NA,NA,NA,NA,NA
"Hymenasplenium mitanii Nakaike, nom. nud.",NA,NA,NA,NA,NA,NA,NA,NA,NA,NA
Hypodematium angustifolium C.S.Lee & K.Lee,NA,NA,NA,NA,NA,NA,NA,NA,NA,NA
Hypodematium crenatum subsp. fauriei (Kodama) K.Iwats.,NA,NA,NA,NA,NA,NA,NA,NA,NA,NA
Japanobotrychium lanuginosum (Wall. ex Hook. & Grev.) M.Nishida ex Tagawa,NA,NA,NA,NA,NA,NA,NA,NA,NA,NA
Lemmaphyllum microphyllum var. obovatum (Harr.) C.Chr.,NA,NA,NA,NA,NA,NA,NA,NA,NA,NA
Lepisorus angustatus,NA,NA,NA,NA,NA,NA,NA,NA,NA,NA
Lepisorus obscurevenolusus,NA,NA,NA,NA,NA,NA,NA,NA,NA,NA
Lepisorus scolopendrius (Buch.-Ham. ex D.Don) Mehra & Bir,NA,NA,NA,NA,NA,NA,NA,NA,NA,NA
Leucostegia amplissima (Christ) C.W.Chen,NA,NA,NA,NA,NA,NA,NA,NA,NA,NA
Leucotrichum mitchellae (Baker ex Hemsl.) Labiak,NA,NA,NA,NA,NA,NA,NA,NA,NA,NA
Melpomene xiphopteridoides,NA,NA,NA,NA,NA,NA,NA,NA,NA,NA
Metathelypteris hattorii var. hattorii,NA,NA,NA,NA,NA,NA,NA,NA,NA,NA
Microlepia obtusiloba var. angustata Seriz.,NA,NA,NA,NA,NA,NA,NA,NA,NA,NA
Pellaea calidirupium,NA,NA,NA,NA,NA,NA,NA,NA,NA,NA
Pleopeltis polypodioides var. polypodioides,NA,NA,NA,NA,NA,NA,NA,NA,NA,NA
Polypodium mitchellae Baker ex Hemsl.,NA,NA,NA,NA,NA,NA,NA,NA,NA,NA
Polystichum macleae,NA,NA,NA,NA,NA,NA,NA,NA,NA,NA
Polystichum microchlamys var. azumiense Seriz.,NA,NA,NA,NA,NA,NA,NA,NA,NA,NA
Polystichum polyblepharum var. polyblepharum,NA,NA,NA,NA,NA,NA,NA,NA,NA,NA
Polystichum whiteleggei,NA,NA,NA,NA,NA,NA,NA,NA,NA,NA
Tectaria subvariolosa S.Y.Dong,NA,NA,NA,NA,NA,NA,NA,NA,NA,NA
Thelypteris esquirolii var. glabrata,NA,NA,NA,NA,NA,NA,NA,NA,NA,NA
Thelypteris esquirolii var. glabrata (Christ) K.Iwats.,NA,NA,NA,NA,NA,NA,NA,NA,NA,NA
Vandenboschia radicans type III,NA,NA,NA,NA,NA,NA,NA,NA,NA,NA
x Cystocarpium roskamianum Fraser-Jenk.,NA,NA,NA,NA,NA,NA,NA,NA,NA,NA
